id,name,state,country,region,kind,tags,recommendedDays,estimatedDriveHoursFromMumbai,estimatedBudgetPerPersonINR,description,sourceType,verifiedAt,isMumbaiShortlist,planningNote,sourceUrls,fixedCostPerPersonINR,jugaadBudgetPerPersonINR,comfortBudgetPerPersonINR,estimatedRoadDistanceKmFromMumbai,budgetNote
dest_0001,Lonavala,Maharashtra,India,West,Hill,mountains|nature|food,1-2,2.0,2500,"Monsoon hills, forts and viewpoints.",curated-planning-dataset,2026-09-30,True,"Travel time, budget and suitability are estimates for trip-planning; verify live routes, stays, weather and closures before booking.",https://maharashtratourism.gov.in/,0,1100,2500,105,"Jugaad floor assumes lower-cost rail/general/sleeper travel, shared stays and local transport; fixed costs are separate when known."
dest_0002,Khandala,Maharashtra,India,West,Hill,mountains|nature|food,1-2,2.0,2500,Classic Western Ghats escape beside Lonavala.,curated-planning-dataset,2026-09-30,True,"Travel time, budget and suitability are estimates for trip-planning; verify live routes, stays, weather and closures before booking.",https://maharashtratourism.gov.in/,0,1100,2500,105,"Jugaad floor assumes lower-cost rail/general/sleeper travel, shared stays and local transport; fixed costs are separate when known."
dest_0003,Matheran,Maharashtra,India,West,Hill,mountains|nature|slow,1-2,2.5,3000,Vehicle-free hill station with viewpoints and forest walks.,curated-planning-dataset,2026-09-30,True,"Travel time, budget and suitability are estimates for trip-planning; verify live routes, stays, weather and closures before booking.",https://maharashtratourism.gov.in/,0,1350,3000,130,"Jugaad floor assumes lower-cost rail/general/sleeper travel, shared stays and local transport; fixed costs are separate when known."
dest_0004,Alibaug,Maharashtra,India,West,Coastal,beach|slow|food,1-2,2.5,3000,Easy Konkan coast escape with beaches and forts.,curated-planning-dataset,2026-09-30,True,"Travel time, budget and suitability are estimates for trip-planning; verify live routes, stays, weather and closures before booking.",https://maharashtratourism.gov.in/,0,1350,3000,130,"Jugaad floor assumes lower-cost rail/general/sleeper travel, shared stays and local transport; fixed costs are separate when known."
dest_0005,Murud-Janjira,Maharashtra,India,West,Coastal,beach|history|adventure,1-2,4.0,3500,Beach plus the sea fort of Janjira.,curated-planning-dataset,2026-09-30,True,"Travel time, budget and suitability are estimates for trip-planning; verify live routes, stays, weather and closures before booking.",https://maharashtratourism.gov.in/,0,1600,3500,210,"Jugaad floor assumes lower-cost rail/general/sleeper travel, shared stays and local transport; fixed costs are separate when known."
dest_0006,Kashid,Maharashtra,India,West,Coastal,beach|slow|nature,1-2,4.0,3500,Long sandy beach and relaxed Konkan stay.,curated-planning-dataset,2026-09-30,True,"Travel time, budget and suitability are estimates for trip-planning; verify live routes, stays, weather and closures before booking.",https://maharashtratourism.gov.in/,0,1600,3500,210,"Jugaad floor assumes lower-cost rail/general/sleeper travel, shared stays and local transport; fixed costs are separate when known."
dest_0007,Nagaon,Maharashtra,India,West,Coastal,beach|food|slow,1-2,3.0,2800,Popular Alibaug-area beach getaway.,curated-planning-dataset,2026-09-30,True,"Travel time, budget and suitability are estimates for trip-planning; verify live routes, stays, weather and closures before booking.",https://maharashtratourism.gov.in/,0,1250,2800,155,"Jugaad floor assumes lower-cost rail/general/sleeper travel, shared stays and local transport; fixed costs are separate when known."
dest_0008,Korlai,Maharashtra,India,West,Coastal,beach|history|nature,1-2,4.0,3000,"Fort, lighthouse and coastal views.",curated-planning-dataset,2026-09-30,True,"Travel time, budget and suitability are estimates for trip-planning; verify live routes, stays, weather and closures before booking.",https://maharashtratourism.gov.in/,0,1350,3000,210,"Jugaad floor assumes lower-cost rail/general/sleeper travel, shared stays and local transport; fixed costs are separate when known."
dest_0009,Kolad,Maharashtra,India,West,Adventure,adventure|nature|mountains,1-2,3.5,3500,Rafting and outdoor activities on the Kundalika.,curated-planning-dataset,2026-09-30,True,"Travel time, budget and suitability are estimates for trip-planning; verify live routes, stays, weather and closures before booking.",https://maharashtratourism.gov.in/,0,1600,3500,180,"Jugaad floor assumes lower-cost rail/general/sleeper travel, shared stays and local transport; fixed costs are separate when known."
dest_0010,Karnala,Maharashtra,India,West,Adventure,adventure|nature|mountains,1-2,1.5,1800,Fort trek and bird sanctuary close to Mumbai.,curated-planning-dataset,2026-09-30,True,"Travel time, budget and suitability are estimates for trip-planning; verify live routes, stays, weather and closures before booking.",https://maharashtratourism.gov.in/,0,800,1800,80,"Jugaad floor assumes lower-cost rail/general/sleeper travel, shared stays and local transport; fixed costs are separate when known."
dest_0011,Igatpuri,Maharashtra,India,West,Hill,mountains|nature|slow,1-2,3.0,3000,"Green Sahyadri landscapes, forts and retreats.",curated-planning-dataset,2026-09-30,True,"Travel time, budget and suitability are estimates for trip-planning; verify live routes, stays, weather and closures before booking.",https://maharashtratourism.gov.in/,0,1350,3000,155,"Jugaad floor assumes lower-cost rail/general/sleeper travel, shared stays and local transport; fixed costs are separate when known."
dest_0012,Bhandardara,Maharashtra,India,West,Hill,mountains|nature|slow,2-3,4.0,3500,"Lake, valleys and highland landscapes.",curated-planning-dataset,2026-09-30,True,"Travel time, budget and suitability are estimates for trip-planning; verify live routes, stays, weather and closures before booking.",https://maharashtratourism.gov.in/,0,1600,3500,210,"Jugaad floor assumes lower-cost rail/general/sleeper travel, shared stays and local transport; fixed costs are separate when known."
dest_0013,Nashik,Maharashtra,India,West,City,food|history|slow,1-2,3.5,4000,"Wineries, temples and food around the Godavari.",curated-planning-dataset,2026-09-30,True,"Travel time, budget and suitability are estimates for trip-planning; verify live routes, stays, weather and closures before booking.",https://maharashtratourism.gov.in/,0,1800,4000,180,"Jugaad floor assumes lower-cost rail/general/sleeper travel, shared stays and local transport; fixed costs are separate when known."
dest_0014,Trimbakeshwar,Maharashtra,India,West,Spiritual,history|nature|slow,1-2,3.5,3000,Temple town near the Brahmagiri hills.,curated-planning-dataset,2026-09-30,True,"Travel time, budget and suitability are estimates for trip-planning; verify live routes, stays, weather and closures before booking.",https://maharashtratourism.gov.in/,0,1350,3000,180,"Jugaad floor assumes lower-cost rail/general/sleeper travel, shared stays and local transport; fixed costs are separate when known."
dest_0015,Saputara,Gujarat,India,West,Hill,mountains|nature|slow,2-3,5.5,4000,Gujarat hill station in the Dang region.,curated-planning-dataset,2026-09-30,True,"Travel time, budget and suitability are estimates for trip-planning; verify live routes, stays, weather and closures before booking.",https://www.gujarattourism.com/,0,1800,4000,285,"Jugaad floor assumes lower-cost rail/general/sleeper travel, shared stays and local transport; fixed costs are separate when known."
dest_0016,Mahabaleshwar,Maharashtra,India,West,Hill,mountains|nature|food,2-3,5.5,4500,"Plateaus, viewpoints, strawberries and forests.",curated-planning-dataset,2026-09-30,True,"Travel time, budget and suitability are estimates for trip-planning; verify live routes, stays, weather and closures before booking.",https://maharashtratourism.gov.in/,0,2000,4500,285,"Jugaad floor assumes lower-cost rail/general/sleeper travel, shared stays and local transport; fixed costs are separate when known."
dest_0017,Panchgani,Maharashtra,India,West,Hill,mountains|nature|food,2-3,5.5,4000,"Table Land, valleys and colonial-era hill-town atmosphere.",curated-planning-dataset,2026-09-30,True,"Travel time, budget and suitability are estimates for trip-planning; verify live routes, stays, weather and closures before booking.",https://maharashtratourism.gov.in/,0,1800,4000,285,"Jugaad floor assumes lower-cost rail/general/sleeper travel, shared stays and local transport; fixed costs are separate when known."
dest_0018,Wai,Maharashtra,India,West,Town,history|food|nature,1-2,5.0,3000,Krishna river ghats and nearby hill-country.,curated-planning-dataset,2026-09-30,True,"Travel time, budget and suitability are estimates for trip-planning; verify live routes, stays, weather and closures before booking.",https://maharashtratourism.gov.in/,0,1350,3000,260,"Jugaad floor assumes lower-cost rail/general/sleeper travel, shared stays and local transport; fixed costs are separate when known."
dest_0019,Kaas Plateau,Maharashtra,India,West,Nature,nature|mountains|slow,2-3,6.0,4500,Seasonal plateau landscapes and biodiversity.,curated-planning-dataset,2026-09-30,True,"Travel time, budget and suitability are estimates for trip-planning; verify live routes, stays, weather and closures before booking.",https://maharashtratourism.gov.in/,0,2000,4500,310,"Jugaad floor assumes lower-cost rail/general/sleeper travel, shared stays and local transport; fixed costs are separate when known."
dest_0020,Tapola,Maharashtra,India,West,Nature,nature|mountains|slow,2-3,6.0,4500,Lake-side countryside near Mahabaleshwar.,curated-planning-dataset,2026-09-30,True,"Travel time, budget and suitability are estimates for trip-planning; verify live routes, stays, weather and closures before booking.",https://maharashtratourism.gov.in/,0,2000,4500,310,"Jugaad floor assumes lower-cost rail/general/sleeper travel, shared stays and local transport; fixed costs are separate when known."
dest_0021,Ratnagiri,Maharashtra,India,West,Coastal,beach|food|history,2-3,7.0,4500,"Konkan beaches, forts and Alphonso country.",curated-planning-dataset,2026-09-30,True,"Travel time, budget and suitability are estimates for trip-planning; verify live routes, stays, weather and closures before booking.",https://maharashtratourism.gov.in/,0,2000,4500,365,"Jugaad floor assumes lower-cost rail/general/sleeper travel, shared stays and local transport; fixed costs are separate when known."
dest_0022,Ganpatipule,Maharashtra,India,West,Coastal,beach|slow|history,2-3,7.0,4500,"Temple, beach and Konkan coast.",curated-planning-dataset,2026-09-30,True,"Travel time, budget and suitability are estimates for trip-planning; verify live routes, stays, weather and closures before booking.",https://maharashtratourism.gov.in/,0,2000,4500,365,"Jugaad floor assumes lower-cost rail/general/sleeper travel, shared stays and local transport; fixed costs are separate when known."
dest_0023,Tarkarli,Maharashtra,India,West,Coastal,beach|adventure|nature,2-3,8.5,5000,"Clear-water coast, water sports and Sindhudurg region.",curated-planning-dataset,2026-09-30,True,"Travel time, budget and suitability are estimates for trip-planning; verify live routes, stays, weather and closures before booking.",https://maharashtratourism.gov.in/,0,2250,5000,440,"Jugaad floor assumes lower-cost rail/general/sleeper travel, shared stays and local transport; fixed costs are separate when known."
dest_0024,Malvan,Maharashtra,India,West,Coastal,beach|food|history,2-3,8.5,5000,"Seafood, Sindhudurg Fort and Konkan culture.",curated-planning-dataset,2026-09-30,True,"Travel time, budget and suitability are estimates for trip-planning; verify live routes, stays, weather and closures before booking.",https://maharashtratourism.gov.in/,0,2250,5000,440,"Jugaad floor assumes lower-cost rail/general/sleeper travel, shared stays and local transport; fixed costs are separate when known."
dest_0025,Dapoli,Maharashtra,India,West,Coastal,beach|slow|nature,2-3,5.5,4000,Quiet Konkan beaches and village stays.,curated-planning-dataset,2026-09-30,True,"Travel time, budget and suitability are estimates for trip-planning; verify live routes, stays, weather and closures before booking.",https://maharashtratourism.gov.in/,0,1800,4000,285,"Jugaad floor assumes lower-cost rail/general/sleeper travel, shared stays and local transport; fixed costs are separate when known."
dest_0026,Harihareshwar,Maharashtra,India,West,Coastal,beach|history|slow,2-3,5.5,4000,Temple town and coastal trails.,curated-planning-dataset,2026-09-30,True,"Travel time, budget and suitability are estimates for trip-planning; verify live routes, stays, weather and closures before booking.",https://maharashtratourism.gov.in/,0,1800,4000,285,"Jugaad floor assumes lower-cost rail/general/sleeper travel, shared stays and local transport; fixed costs are separate when known."
dest_0027,Diveagar,Maharashtra,India,West,Coastal,beach|slow|food,2-3,4.5,3500,Long beach and relaxed Konkan atmosphere.,curated-planning-dataset,2026-09-30,True,"Travel time, budget and suitability are estimates for trip-planning; verify live routes, stays, weather and closures before booking.",https://maharashtratourism.gov.in/,0,1600,3500,235,"Jugaad floor assumes lower-cost rail/general/sleeper travel, shared stays and local transport; fixed costs are separate when known."
dest_0028,Shrivardhan,Maharashtra,India,West,Coastal,beach|slow|food,2-3,4.5,3500,Low-key coastal town with beaches nearby.,curated-planning-dataset,2026-09-30,True,"Travel time, budget and suitability are estimates for trip-planning; verify live routes, stays, weather and closures before booking.",https://maharashtratourism.gov.in/,0,1600,3500,235,"Jugaad floor assumes lower-cost rail/general/sleeper travel, shared stays and local transport; fixed costs are separate when known."
dest_0029,Pali,Maharashtra,India,West,Town,history|nature|slow,1-2,2.5,2500,Ashtavinayak temple town and nearby countryside.,curated-planning-dataset,2026-09-30,True,"Travel time, budget and suitability are estimates for trip-planning; verify live routes, stays, weather and closures before booking.",https://maharashtratourism.gov.in/,0,1100,2500,130,"Jugaad floor assumes lower-cost rail/general/sleeper travel, shared stays and local transport; fixed costs are separate when known."
dest_0030,Malshej Ghat,Maharashtra,India,West,Mountain Pass,mountains|nature|adventure,1-2,3.5,3000,"Cliffs, valleys and seasonal waterfalls.",curated-planning-dataset,2026-09-30,True,"Travel time, budget and suitability are estimates for trip-planning; verify live routes, stays, weather and closures before booking.",https://maharashtratourism.gov.in/,0,1350,3000,180,"Jugaad floor assumes lower-cost rail/general/sleeper travel, shared stays and local transport; fixed costs are separate when known."
dest_0031,Junnar,Maharashtra,India,West,Heritage,history|mountains|adventure,1-2,3.5,3000,"Forts, caves and Sahyadri trekking.",curated-planning-dataset,2026-09-30,True,"Travel time, budget and suitability are estimates for trip-planning; verify live routes, stays, weather and closures before booking.",https://maharashtratourism.gov.in/,0,1350,3000,180,"Jugaad floor assumes lower-cost rail/general/sleeper travel, shared stays and local transport; fixed costs are separate when known."
dest_0032,Rajmachi,Maharashtra,India,West,Trek,adventure|mountains|nature,1-2,3.0,2500,Popular fort trek above the Mumbai-Pune corridor.,curated-planning-dataset,2026-09-30,True,"Travel time, budget and suitability are estimates for trip-planning; verify live routes, stays, weather and closures before booking.",https://maharashtratourism.gov.in/,0,1100,2500,155,"Jugaad floor assumes lower-cost rail/general/sleeper travel, shared stays and local transport; fixed costs are separate when known."
dest_0033,Harishchandragad,Maharashtra,India,West,Trek,adventure|mountains|nature,2-3,4.5,3000,Challenging fort trek with dramatic Konkan Kada.,curated-planning-dataset,2026-09-30,True,"Travel time, budget and suitability are estimates for trip-planning; verify live routes, stays, weather and closures before booking.",https://maharashtratourism.gov.in/,0,1350,3000,235,"Jugaad floor assumes lower-cost rail/general/sleeper travel, shared stays and local transport; fixed costs are separate when known."
dest_0034,Kalsubai,Maharashtra,India,West,Trek,adventure|mountains|nature,1-2,4.0,2500,Highest peak in Maharashtra and a classic night trek.,curated-planning-dataset,2026-09-30,True,"Travel time, budget and suitability are estimates for trip-planning; verify live routes, stays, weather and closures before booking.",https://maharashtratourism.gov.in/,0,1100,2500,210,"Jugaad floor assumes lower-cost rail/general/sleeper travel, shared stays and local transport; fixed costs are separate when known."
dest_0035,Bhimashankar,Maharashtra,India,West,Nature,nature|mountains|spiritual,1-2,3.5,3000,Forest sanctuary and temple landscape.,curated-planning-dataset,2026-09-30,True,"Travel time, budget and suitability are estimates for trip-planning; verify live routes, stays, weather and closures before booking.",https://maharashtratourism.gov.in/,0,1350,3000,180,"Jugaad floor assumes lower-cost rail/general/sleeper travel, shared stays and local transport; fixed costs are separate when known."
dest_0036,Goa - Panaji,Goa,India,South West,Coastal,beach|nightlife|food|slow,3-4,10.0,8000,Base for North and South Goa exploration.,curated-planning-dataset,2026-09-30,True,"Travel time, budget and suitability are estimates for trip-planning; verify live routes, stays, weather and closures before booking.",https://goatourism.gov.in/,0,3600,8000,520,"Jugaad floor assumes lower-cost rail/general/sleeper travel, shared stays and local transport; fixed costs are separate when known."
dest_0037,Goa - North,Goa,India,South West,Coastal,beach|nightlife|food|adventure,3-4,10.0,8500,"Beaches, nightlife, cafes and water activities.",curated-planning-dataset,2026-09-30,True,"Travel time, budget and suitability are estimates for trip-planning; verify live routes, stays, weather and closures before booking.",https://goatourism.gov.in/,0,3800,8500,520,"Jugaad floor assumes lower-cost rail/general/sleeper travel, shared stays and local transport; fixed costs are separate when known."
dest_0038,Goa - South,Goa,India,South West,Coastal,beach|slow|food|nature,3-4,11.0,8500,Quieter beaches and slower coastal stays.,curated-planning-dataset,2026-09-30,True,"Travel time, budget and suitability are estimates for trip-planning; verify live routes, stays, weather and closures before booking.",https://goatourism.gov.in/,0,3800,8500,570,"Jugaad floor assumes lower-cost rail/general/sleeper travel, shared stays and local transport; fixed costs are separate when known."
dest_0039,Gokarna,Karnataka,India,South West,Coastal,beach|adventure|slow,3-4,12.0,7500,Temple town with beaches and coastal treks.,curated-planning-dataset,2026-09-30,True,"Travel time, budget and suitability are estimates for trip-planning; verify live routes, stays, weather and closures before booking.",https://karnatakatourism.org/en/destinations,0,3400,7500,625,"Jugaad floor assumes lower-cost rail/general/sleeper travel, shared stays and local transport; fixed costs are separate when known."
dest_0040,Dandeli,Karnataka,India,South West,Adventure,adventure|nature|mountains,3-4,11.0,7500,"River rafting, forests and wildlife activities.",curated-planning-dataset,2026-09-30,True,"Travel time, budget and suitability are estimates for trip-planning; verify live routes, stays, weather and closures before booking.",https://karnatakatourism.org/en/destinations,0,3400,7500,570,"Jugaad floor assumes lower-cost rail/general/sleeper travel, shared stays and local transport; fixed costs are separate when known."
dest_0041,Hampi,Karnataka,India,South,Heritage,history|adventure|food,3-4,12.0,7000,"Ruins, boulders and a distinctive landscape.",curated-planning-dataset,2026-09-30,True,"Travel time, budget and suitability are estimates for trip-planning; verify live routes, stays, weather and closures before booking.",https://karnatakatourism.org/en/destinations,0,3150,7000,625,"Jugaad floor assumes lower-cost rail/general/sleeper travel, shared stays and local transport; fixed costs are separate when known."
dest_0042,Udupi,Karnataka,India,South West,Coastal,beach|food|history,3-4,12.0,7000,"Temple town, beaches and coastal cuisine.",curated-planning-dataset,2026-09-30,True,"Travel time, budget and suitability are estimates for trip-planning; verify live routes, stays, weather and closures before booking.",https://karnatakatourism.org/en/destinations,0,3150,7000,625,"Jugaad floor assumes lower-cost rail/general/sleeper travel, shared stays and local transport; fixed costs are separate when known."
dest_0043,Murudeshwar,Karnataka,India,South West,Coastal,beach|history|slow,3-4,12.5,7500,Coastal temple and sea views.,curated-planning-dataset,2026-09-30,True,"Travel time, budget and suitability are estimates for trip-planning; verify live routes, stays, weather and closures before booking.",https://karnatakatourism.org/en/destinations,0,3400,7500,650,"Jugaad floor assumes lower-cost rail/general/sleeper travel, shared stays and local transport; fixed costs are separate when known."
dest_0044,Coorg,Karnataka,India,South,Hill,mountains|nature|food,3-4,14.0,9000,"Coffee country, forests and hill stays.",curated-planning-dataset,2026-09-30,True,"Travel time, budget and suitability are estimates for trip-planning; verify live routes, stays, weather and closures before booking.",https://karnatakatourism.org/en/destinations,0,4050,9000,730,"Jugaad floor assumes lower-cost rail/general/sleeper travel, shared stays and local transport; fixed costs are separate when known."
dest_0045,Chikmagalur,Karnataka,India,South,Hill,mountains|nature|food,3-4,13.5,8500,"Coffee estates, peaks and waterfalls.",curated-planning-dataset,2026-09-30,True,"Travel time, budget and suitability are estimates for trip-planning; verify live routes, stays, weather and closures before booking.",https://karnatakatourism.org/en/destinations,0,3800,8500,700,"Jugaad floor assumes lower-cost rail/general/sleeper travel, shared stays and local transport; fixed costs are separate when known."
dest_0046,Wayanad,Kerala,India,South,Hill,mountains|nature|adventure,4-5,17.0,10000,"Forests, waterfalls and wildlife experiences.",curated-planning-dataset,2026-09-30,False,"Travel time, budget and suitability are estimates for trip-planning; verify live routes, stays, weather and closures before booking.",https://www.keralatourism.org/,0,4500,10000,885,"Jugaad floor assumes lower-cost rail/general/sleeper travel, shared stays and local transport; fixed costs are separate when known."
dest_0047,Munnar,Kerala,India,South,Hill,mountains|nature|food,4-5,18.0,10500,Tea country and highland landscapes.,curated-planning-dataset,2026-09-30,False,"Travel time, budget and suitability are estimates for trip-planning; verify live routes, stays, weather and closures before booking.",https://www.keralatourism.org/,0,4700,10500,935,"Jugaad floor assumes lower-cost rail/general/sleeper travel, shared stays and local transport; fixed costs are separate when known."
dest_0048,Varkala,Kerala,India,South,Coastal,beach|slow|food,4-5,18.0,10000,Cliffside beach town with cafes and sunsets.,curated-planning-dataset,2026-09-30,False,"Travel time, budget and suitability are estimates for trip-planning; verify live routes, stays, weather and closures before booking.",https://www.keralatourism.org/,0,4500,10000,935,"Jugaad floor assumes lower-cost rail/general/sleeper travel, shared stays and local transport; fixed costs are separate when known."
dest_0049,Pondicherry,Puducherry,India,South,Coastal City,beach|food|slow|history,3-4,16.0,8000,"French-influenced streets, cafes and coast.",curated-planning-dataset,2026-09-30,False,"Travel time, budget and suitability are estimates for trip-planning; verify live routes, stays, weather and closures before booking.",,0,3600,8000,830,"Jugaad floor assumes lower-cost rail/general/sleeper travel, shared stays and local transport; fixed costs are separate when known."
dest_0050,Udaipur,Rajasthan,India,North West,City,history|food|slow,4-5,15.0,10000,"Lakes, palaces and old-city atmosphere.",curated-planning-dataset,2026-09-30,False,"Travel time, budget and suitability are estimates for trip-planning; verify live routes, stays, weather and closures before booking.",https://www.tourism.rajasthan.gov.in/,0,4500,10000,780,"Jugaad floor assumes lower-cost rail/general/sleeper travel, shared stays and local transport; fixed costs are separate when known."
dest_0051,Jaipur,Rajasthan,India,North West,City,history|food|nightlife,4-5,16.0,9000,"Forts, bazaars and heritage architecture.",curated-planning-dataset,2026-09-30,False,"Travel time, budget and suitability are estimates for trip-planning; verify live routes, stays, weather and closures before booking.",https://www.tourism.rajasthan.gov.in/,0,4050,9000,830,"Jugaad floor assumes lower-cost rail/general/sleeper travel, shared stays and local transport; fixed costs are separate when known."
dest_0052,Jodhpur,Rajasthan,India,North West,City,history|food|adventure,4-5,17.0,9500,"Blue City, Mehrangarh and desert edge.",curated-planning-dataset,2026-09-30,False,"Travel time, budget and suitability are estimates for trip-planning; verify live routes, stays, weather and closures before booking.",https://www.tourism.rajasthan.gov.in/,0,4300,9500,885,"Jugaad floor assumes lower-cost rail/general/sleeper travel, shared stays and local transport; fixed costs are separate when known."
dest_0053,Jaisalmer,Rajasthan,India,North West,Desert,adventure|history|nightlife,4-5,19.0,12000,Fort city and desert-camp experiences.,curated-planning-dataset,2026-09-30,False,"Travel time, budget and suitability are estimates for trip-planning; verify live routes, stays, weather and closures before booking.",https://www.tourism.rajasthan.gov.in/,0,5400,12000,990,"Jugaad floor assumes lower-cost rail/general/sleeper travel, shared stays and local transport; fixed costs are separate when known."
dest_0054,Rishikesh,Uttarakhand,India,North,Adventure,adventure|mountains|nature,4-5,23.0,10000,"River rafting, yoga and Himalayan foothills.",curated-planning-dataset,2026-09-30,False,"Travel time, budget and suitability are estimates for trip-planning; verify live routes, stays, weather and closures before booking.",https://www.uttarakhandtourism.gov.in/,0,4500,10000,1195,"Jugaad floor assumes lower-cost rail/general/sleeper travel, shared stays and local transport; fixed costs are separate when known."
dest_0055,Manali,Himachal Pradesh,India,North,Mountain,mountains|adventure|nature,4-5,30.0,12000,High mountain valleys and adventure activities.,curated-planning-dataset,2026-09-30,False,"Travel time, budget and suitability are estimates for trip-planning; verify live routes, stays, weather and closures before booking.",https://himachaltourism.gov.in/,0,5400,12000,1560,"Jugaad floor assumes lower-cost rail/general/sleeper travel, shared stays and local transport; fixed costs are separate when known."
dest_0056,Kasol,Himachal Pradesh,India,North,Mountain,mountains|adventure|slow,4-5,30.0,10000,Parvati Valley base for hikes and river-side stays.,curated-planning-dataset,2026-09-30,False,"Travel time, budget and suitability are estimates for trip-planning; verify live routes, stays, weather and closures before booking.",https://himachaltourism.gov.in/,0,4500,10000,1560,"Jugaad floor assumes lower-cost rail/general/sleeper travel, shared stays and local transport; fixed costs are separate when known."
dest_0057,Dharamshala,Himachal Pradesh,India,North,Mountain,mountains|nature|slow|food,4-5,30.0,10000,"Dhauladhar views, cafes and monasteries.",curated-planning-dataset,2026-09-30,False,"Travel time, budget and suitability are estimates for trip-planning; verify live routes, stays, weather and closures before booking.",https://himachaltourism.gov.in/,0,4500,10000,1560,"Jugaad floor assumes lower-cost rail/general/sleeper travel, shared stays and local transport; fixed costs are separate when known."
dest_0058,Leh,Ladakh,India,North,Mountain,mountains|adventure|nature,4-5,35.0,18000,High-altitude landscapes and road-trip culture.,curated-planning-dataset,2026-09-30,False,"Travel time, budget and suitability are estimates for trip-planning; verify live routes, stays, weather and closures before booking.",,0,8100,18000,1820,"Jugaad floor assumes lower-cost rail/general/sleeper travel, shared stays and local transport; fixed costs are separate when known."
dest_0059,Pune,Maharashtra,India,India,Other,food|history|slow,3-4,8.0,7000,Curated India destination; travel time and budget are planning estimates.,curated-planning-dataset,2026-09-30,True,"Travel time, budget and suitability are estimates for trip-planning; verify live routes, stays, weather and closures before booking.",https://maharashtratourism.gov.in/,0,3150,7000,415,"Jugaad floor assumes lower-cost rail/general/sleeper travel, shared stays and local transport; fixed costs are separate when known."
dest_0060,Lavasa,Maharashtra,India,India,Other,food|history|slow,3-4,8.0,7000,Curated India destination; travel time and budget are planning estimates.,curated-planning-dataset,2026-09-30,True,"Travel time, budget and suitability are estimates for trip-planning; verify live routes, stays, weather and closures before booking.",https://maharashtratourism.gov.in/,0,3150,7000,415,"Jugaad floor assumes lower-cost rail/general/sleeper travel, shared stays and local transport; fixed costs are separate when known."
dest_0061,Khopoli,Maharashtra,India,India,Other,food|history|slow,3-4,8.0,7000,Curated India destination; travel time and budget are planning estimates.,curated-planning-dataset,2026-09-30,True,"Travel time, budget and suitability are estimates for trip-planning; verify live routes, stays, weather and closures before booking.",https://maharashtratourism.gov.in/,0,3150,7000,415,"Jugaad floor assumes lower-cost rail/general/sleeper travel, shared stays and local transport; fixed costs are separate when known."
dest_0062,Murud,Maharashtra,India,India,Other,food|history|slow,3-4,8.0,7000,Curated India destination; travel time and budget are planning estimates.,curated-planning-dataset,2026-09-30,True,"Travel time, budget and suitability are estimates for trip-planning; verify live routes, stays, weather and closures before booking.",https://maharashtratourism.gov.in/,0,3150,7000,415,"Jugaad floor assumes lower-cost rail/general/sleeper travel, shared stays and local transport; fixed costs are separate when known."
dest_0063,Kaas,Maharashtra,India,India,Other,food|history|slow,3-4,8.0,7000,Curated India destination; travel time and budget are planning estimates.,curated-planning-dataset,2026-09-30,True,"Travel time, budget and suitability are estimates for trip-planning; verify live routes, stays, weather and closures before booking.",https://maharashtratourism.gov.in/,0,3150,7000,415,"Jugaad floor assumes lower-cost rail/general/sleeper travel, shared stays and local transport; fixed costs are separate when known."
dest_0064,Tadoba,Maharashtra,India,India,Other,nature|adventure|slow,3-4,8.0,7000,Curated India destination; travel time and budget are planning estimates.,curated-planning-dataset,2026-09-30,True,"Travel time, budget and suitability are estimates for trip-planning; verify live routes, stays, weather and closures before booking.",https://maharashtratourism.gov.in/,0,3150,7000,415,"Jugaad floor assumes lower-cost rail/general/sleeper travel, shared stays and local transport; fixed costs are separate when known."
dest_0065,Chandoli,Maharashtra,India,India,Other,food|history|slow,3-4,8.0,7000,Curated India destination; travel time and budget are planning estimates.,curated-planning-dataset,2026-09-30,True,"Travel time, budget and suitability are estimates for trip-planning; verify live routes, stays, weather and closures before booking.",https://maharashtratourism.gov.in/,0,3150,7000,415,"Jugaad floor assumes lower-cost rail/general/sleeper travel, shared stays and local transport; fixed costs are separate when known."
dest_0066,Sindhudurg,Maharashtra,India,India,Other,food|history|slow,3-4,8.0,7000,Curated India destination; travel time and budget are planning estimates.,curated-planning-dataset,2026-09-30,True,"Travel time, budget and suitability are estimates for trip-planning; verify live routes, stays, weather and closures before booking.",https://maharashtratourism.gov.in/,0,3150,7000,415,"Jugaad floor assumes lower-cost rail/general/sleeper travel, shared stays and local transport; fixed costs are separate when known."
dest_0067,Aurangabad,Maharashtra,India,India,Other,food|history|slow,3-4,8.0,7000,Curated India destination; travel time and budget are planning estimates.,curated-planning-dataset,2026-09-30,True,"Travel time, budget and suitability are estimates for trip-planning; verify live routes, stays, weather and closures before booking.",https://maharashtratourism.gov.in/,0,3150,7000,415,"Jugaad floor assumes lower-cost rail/general/sleeper travel, shared stays and local transport; fixed costs are separate when known."
dest_0068,Ajanta,Maharashtra,India,India,Other,history|food|slow,3-4,8.0,7000,Curated India destination; travel time and budget are planning estimates.,curated-planning-dataset,2026-09-30,True,"Travel time, budget and suitability are estimates for trip-planning; verify live routes, stays, weather and closures before booking.",https://maharashtratourism.gov.in/,0,3150,7000,415,"Jugaad floor assumes lower-cost rail/general/sleeper travel, shared stays and local transport; fixed costs are separate when known."
dest_0069,Ellora,Maharashtra,India,India,Other,history|food|slow,3-4,8.0,7000,Curated India destination; travel time and budget are planning estimates.,curated-planning-dataset,2026-09-30,True,"Travel time, budget and suitability are estimates for trip-planning; verify live routes, stays, weather and closures before booking.",https://maharashtratourism.gov.in/,0,3150,7000,415,"Jugaad floor assumes lower-cost rail/general/sleeper travel, shared stays and local transport; fixed costs are separate when known."
dest_0070,Lonar,Maharashtra,India,India,Other,food|history|slow,3-4,8.0,7000,Curated India destination; travel time and budget are planning estimates.,curated-planning-dataset,2026-09-30,True,"Travel time, budget and suitability are estimates for trip-planning; verify live routes, stays, weather and closures before booking.",https://maharashtratourism.gov.in/,0,3150,7000,415,"Jugaad floor assumes lower-cost rail/general/sleeper travel, shared stays and local transport; fixed costs are separate when known."
dest_0071,Korigad,Maharashtra,India,India,Other,food|history|slow,3-4,8.0,7000,Curated India destination; travel time and budget are planning estimates.,curated-planning-dataset,2026-09-30,True,"Travel time, budget and suitability are estimates for trip-planning; verify live routes, stays, weather and closures before booking.",https://maharashtratourism.gov.in/,0,3150,7000,415,"Jugaad floor assumes lower-cost rail/general/sleeper travel, shared stays and local transport; fixed costs are separate when known."
dest_0072,Lohagad,Maharashtra,India,India,Other,food|history|slow,3-4,8.0,7000,Curated India destination; travel time and budget are planning estimates.,curated-planning-dataset,2026-09-30,True,"Travel time, budget and suitability are estimates for trip-planning; verify live routes, stays, weather and closures before booking.",https://maharashtratourism.gov.in/,0,3150,7000,415,"Jugaad floor assumes lower-cost rail/general/sleeper travel, shared stays and local transport; fixed costs are separate when known."
dest_0073,Visapur,Maharashtra,India,India,Other,food|history|slow,3-4,8.0,7000,Curated India destination; travel time and budget are planning estimates.,curated-planning-dataset,2026-09-30,True,"Travel time, budget and suitability are estimates for trip-planning; verify live routes, stays, weather and closures before booking.",https://maharashtratourism.gov.in/,0,3150,7000,415,"Jugaad floor assumes lower-cost rail/general/sleeper travel, shared stays and local transport; fixed costs are separate when known."
dest_0074,Ahmedabad,Gujarat,India,India,Other,food|history|slow,3-4,8.0,7000,Curated India destination; travel time and budget are planning estimates.,curated-planning-dataset,2026-09-30,True,"Travel time, budget and suitability are estimates for trip-planning; verify live routes, stays, weather and closures before booking.",https://www.gujarattourism.com/,0,3150,7000,415,"Jugaad floor assumes lower-cost rail/general/sleeper travel, shared stays and local transport; fixed costs are separate when known."
dest_0075,Vadodara,Gujarat,India,India,Other,food|history|slow,3-4,8.0,7000,Curated India destination; travel time and budget are planning estimates.,curated-planning-dataset,2026-09-30,True,"Travel time, budget and suitability are estimates for trip-planning; verify live routes, stays, weather and closures before booking.",https://www.gujarattourism.com/,0,3150,7000,415,"Jugaad floor assumes lower-cost rail/general/sleeper travel, shared stays and local transport; fixed costs are separate when known."
dest_0076,Surat,Gujarat,India,India,Other,food|history|slow,3-4,8.0,7000,Curated India destination; travel time and budget are planning estimates.,curated-planning-dataset,2026-09-30,True,"Travel time, budget and suitability are estimates for trip-planning; verify live routes, stays, weather and closures before booking.",https://www.gujarattourism.com/,0,3150,7000,415,"Jugaad floor assumes lower-cost rail/general/sleeper travel, shared stays and local transport; fixed costs are separate when known."
dest_0077,Dwarka,Gujarat,India,India,Other,beach|slow|food,3-4,8.0,7000,Curated India destination; travel time and budget are planning estimates.,curated-planning-dataset,2026-09-30,True,"Travel time, budget and suitability are estimates for trip-planning; verify live routes, stays, weather and closures before booking.",https://www.gujarattourism.com/,0,3150,7000,415,"Jugaad floor assumes lower-cost rail/general/sleeper travel, shared stays and local transport; fixed costs are separate when known."
dest_0078,Somnath,Gujarat,India,India,Other,beach|slow|food,3-4,8.0,7000,Curated India destination; travel time and budget are planning estimates.,curated-planning-dataset,2026-09-30,True,"Travel time, budget and suitability are estimates for trip-planning; verify live routes, stays, weather and closures before booking.",https://www.gujarattourism.com/,0,3150,7000,415,"Jugaad floor assumes lower-cost rail/general/sleeper travel, shared stays and local transport; fixed costs are separate when known."
dest_0079,Gir,Gujarat,India,India,Other,nature|adventure|slow,3-4,8.0,7000,Curated India destination; travel time and budget are planning estimates.,curated-planning-dataset,2026-09-30,True,"Travel time, budget and suitability are estimates for trip-planning; verify live routes, stays, weather and closures before booking.",https://www.gujarattourism.com/,0,3150,7000,415,"Jugaad floor assumes lower-cost rail/general/sleeper travel, shared stays and local transport; fixed costs are separate when known."
dest_0080,Kutch,Gujarat,India,India,Other,food|history|slow,3-4,8.0,7000,Curated India destination; travel time and budget are planning estimates.,curated-planning-dataset,2026-09-30,True,"Travel time, budget and suitability are estimates for trip-planning; verify live routes, stays, weather and closures before booking.",https://www.gujarattourism.com/,0,3150,7000,415,"Jugaad floor assumes lower-cost rail/general/sleeper travel, shared stays and local transport; fixed costs are separate when known."
dest_0081,Bhuj,Gujarat,India,India,Other,food|history|slow,3-4,8.0,7000,Curated India destination; travel time and budget are planning estimates.,curated-planning-dataset,2026-09-30,True,"Travel time, budget and suitability are estimates for trip-planning; verify live routes, stays, weather and closures before booking.",https://www.gujarattourism.com/,0,3150,7000,415,"Jugaad floor assumes lower-cost rail/general/sleeper travel, shared stays and local transport; fixed costs are separate when known."
dest_0082,Mandvi,Gujarat,India,India,Other,beach|slow|food,3-4,8.0,7000,Curated India destination; travel time and budget are planning estimates.,curated-planning-dataset,2026-09-30,True,"Travel time, budget and suitability are estimates for trip-planning; verify live routes, stays, weather and closures before booking.",https://www.gujarattourism.com/,0,3150,7000,415,"Jugaad floor assumes lower-cost rail/general/sleeper travel, shared stays and local transport; fixed costs are separate when known."
dest_0083,Diu,Gujarat,India,India,Other,beach|slow|food,3-4,8.0,7000,Curated India destination; travel time and budget are planning estimates.,curated-planning-dataset,2026-09-30,True,"Travel time, budget and suitability are estimates for trip-planning; verify live routes, stays, weather and closures before booking.",https://www.gujarattourism.com/,0,3150,7000,415,"Jugaad floor assumes lower-cost rail/general/sleeper travel, shared stays and local transport; fixed costs are separate when known."
dest_0084,Polo Forest,Gujarat,India,India,Other,food|history|slow,3-4,8.0,7000,Curated India destination; travel time and budget are planning estimates.,curated-planning-dataset,2026-09-30,True,"Travel time, budget and suitability are estimates for trip-planning; verify live routes, stays, weather and closures before booking.",https://www.gujarattourism.com/,0,3150,7000,415,"Jugaad floor assumes lower-cost rail/general/sleeper travel, shared stays and local transport; fixed costs are separate when known."
dest_0085,Modhera,Gujarat,India,India,Other,food|history|slow,3-4,8.0,7000,Curated India destination; travel time and budget are planning estimates.,curated-planning-dataset,2026-09-30,True,"Travel time, budget and suitability are estimates for trip-planning; verify live routes, stays, weather and closures before booking.",https://www.gujarattourism.com/,0,3150,7000,415,"Jugaad floor assumes lower-cost rail/general/sleeper travel, shared stays and local transport; fixed costs are separate when known."
dest_0086,Champaner,Gujarat,India,India,Other,food|history|slow,3-4,8.0,7000,Curated India destination; travel time and budget are planning estimates.,curated-planning-dataset,2026-09-30,True,"Travel time, budget and suitability are estimates for trip-planning; verify live routes, stays, weather and closures before booking.",https://www.gujarattourism.com/,0,3150,7000,415,"Jugaad floor assumes lower-cost rail/general/sleeper travel, shared stays and local transport; fixed costs are separate when known."
dest_0087,Junagadh,Gujarat,India,India,Other,food|history|slow,3-4,8.0,7000,Curated India destination; travel time and budget are planning estimates.,curated-planning-dataset,2026-09-30,True,"Travel time, budget and suitability are estimates for trip-planning; verify live routes, stays, weather and closures before booking.",https://www.gujarattourism.com/,0,3150,7000,415,"Jugaad floor assumes lower-cost rail/general/sleeper travel, shared stays and local transport; fixed costs are separate when known."
dest_0088,Panaji,Goa,India,India,Other,food|history|slow,3-4,8.0,7000,Curated India destination; travel time and budget are planning estimates.,curated-planning-dataset,2026-09-30,True,"Travel time, budget and suitability are estimates for trip-planning; verify live routes, stays, weather and closures before booking.",https://goatourism.gov.in/,0,3150,7000,415,"Jugaad floor assumes lower-cost rail/general/sleeper travel, shared stays and local transport; fixed costs are separate when known."
dest_0089,Calangute,Goa,India,India,Other,beach|slow|food,3-4,8.0,7000,Curated India destination; travel time and budget are planning estimates.,curated-planning-dataset,2026-09-30,True,"Travel time, budget and suitability are estimates for trip-planning; verify live routes, stays, weather and closures before booking.",https://goatourism.gov.in/,0,3150,7000,415,"Jugaad floor assumes lower-cost rail/general/sleeper travel, shared stays and local transport; fixed costs are separate when known."
dest_0090,Baga,Goa,India,India,Other,food|history|slow,3-4,8.0,7000,Curated India destination; travel time and budget are planning estimates.,curated-planning-dataset,2026-09-30,True,"Travel time, budget and suitability are estimates for trip-planning; verify live routes, stays, weather and closures before booking.",https://goatourism.gov.in/,0,3150,7000,415,"Jugaad floor assumes lower-cost rail/general/sleeper travel, shared stays and local transport; fixed costs are separate when known."
dest_0091,Anjuna,Goa,India,India,Other,food|history|slow,3-4,8.0,7000,Curated India destination; travel time and budget are planning estimates.,curated-planning-dataset,2026-09-30,True,"Travel time, budget and suitability are estimates for trip-planning; verify live routes, stays, weather and closures before booking.",https://goatourism.gov.in/,0,3150,7000,415,"Jugaad floor assumes lower-cost rail/general/sleeper travel, shared stays and local transport; fixed costs are separate when known."
dest_0092,Vagator,Goa,India,India,Other,food|history|slow,3-4,8.0,7000,Curated India destination; travel time and budget are planning estimates.,curated-planning-dataset,2026-09-30,True,"Travel time, budget and suitability are estimates for trip-planning; verify live routes, stays, weather and closures before booking.",https://goatourism.gov.in/,0,3150,7000,415,"Jugaad floor assumes lower-cost rail/general/sleeper travel, shared stays and local transport; fixed costs are separate when known."
dest_0093,Arambol,Goa,India,India,Other,food|history|slow,3-4,8.0,7000,Curated India destination; travel time and budget are planning estimates.,curated-planning-dataset,2026-09-30,True,"Travel time, budget and suitability are estimates for trip-planning; verify live routes, stays, weather and closures before booking.",https://goatourism.gov.in/,0,3150,7000,415,"Jugaad floor assumes lower-cost rail/general/sleeper travel, shared stays and local transport; fixed costs are separate when known."
dest_0094,Morjim,Goa,India,India,Other,food|history|slow,3-4,8.0,7000,Curated India destination; travel time and budget are planning estimates.,curated-planning-dataset,2026-09-30,True,"Travel time, budget and suitability are estimates for trip-planning; verify live routes, stays, weather and closures before booking.",https://goatourism.gov.in/,0,3150,7000,415,"Jugaad floor assumes lower-cost rail/general/sleeper travel, shared stays and local transport; fixed costs are separate when known."
dest_0095,Palolem,Goa,India,India,Other,beach|slow|food,3-4,8.0,7000,Curated India destination; travel time and budget are planning estimates.,curated-planning-dataset,2026-09-30,True,"Travel time, budget and suitability are estimates for trip-planning; verify live routes, stays, weather and closures before booking.",https://goatourism.gov.in/,0,3150,7000,415,"Jugaad floor assumes lower-cost rail/general/sleeper travel, shared stays and local transport; fixed costs are separate when known."
dest_0096,Agonda,Goa,India,India,Other,food|history|slow,3-4,8.0,7000,Curated India destination; travel time and budget are planning estimates.,curated-planning-dataset,2026-09-30,True,"Travel time, budget and suitability are estimates for trip-planning; verify live routes, stays, weather and closures before booking.",https://goatourism.gov.in/,0,3150,7000,415,"Jugaad floor assumes lower-cost rail/general/sleeper travel, shared stays and local transport; fixed costs are separate when known."
dest_0097,Colva,Goa,India,India,Other,food|history|slow,3-4,8.0,7000,Curated India destination; travel time and budget are planning estimates.,curated-planning-dataset,2026-09-30,True,"Travel time, budget and suitability are estimates for trip-planning; verify live routes, stays, weather and closures before booking.",https://goatourism.gov.in/,0,3150,7000,415,"Jugaad floor assumes lower-cost rail/general/sleeper travel, shared stays and local transport; fixed costs are separate when known."
dest_0098,Old Goa,Goa,India,India,Other,food|history|slow,3-4,8.0,7000,Curated India destination; travel time and budget are planning estimates.,curated-planning-dataset,2026-09-30,True,"Travel time, budget and suitability are estimates for trip-planning; verify live routes, stays, weather and closures before booking.",https://goatourism.gov.in/,0,3150,7000,415,"Jugaad floor assumes lower-cost rail/general/sleeper travel, shared stays and local transport; fixed costs are separate when known."
dest_0099,Bengaluru,Karnataka,India,India,Other,food|history|slow,3-4,8.0,7000,Curated India destination; travel time and budget are planning estimates.,curated-planning-dataset,2026-09-30,True,"Travel time, budget and suitability are estimates for trip-planning; verify live routes, stays, weather and closures before booking.",https://karnatakatourism.org/en/destinations,0,3150,7000,415,"Jugaad floor assumes lower-cost rail/general/sleeper travel, shared stays and local transport; fixed costs are separate when known."
dest_0100,Mysuru,Karnataka,India,India,Other,food|history|slow,3-4,8.0,7000,Curated India destination; travel time and budget are planning estimates.,curated-planning-dataset,2026-09-30,True,"Travel time, budget and suitability are estimates for trip-planning; verify live routes, stays, weather and closures before booking.",https://karnatakatourism.org/en/destinations,0,3150,7000,415,"Jugaad floor assumes lower-cost rail/general/sleeper travel, shared stays and local transport; fixed costs are separate when known."
dest_0101,Mangalore,Karnataka,India,India,Other,food|history|slow,3-4,8.0,7000,Curated India destination; travel time and budget are planning estimates.,curated-planning-dataset,2026-09-30,True,"Travel time, budget and suitability are estimates for trip-planning; verify live routes, stays, weather and closures before booking.",https://karnatakatourism.org/en/destinations,0,3150,7000,415,"Jugaad floor assumes lower-cost rail/general/sleeper travel, shared stays and local transport; fixed costs are separate when known."
dest_0102,Sakleshpur,Karnataka,India,India,Other,food|history|slow,3-4,8.0,7000,Curated India destination; travel time and budget are planning estimates.,curated-planning-dataset,2026-09-30,True,"Travel time, budget and suitability are estimates for trip-planning; verify live routes, stays, weather and closures before booking.",https://karnatakatourism.org/en/destinations,0,3150,7000,415,"Jugaad floor assumes lower-cost rail/general/sleeper travel, shared stays and local transport; fixed costs are separate when known."
dest_0103,Kabini,Karnataka,India,India,Other,nature|adventure|slow,3-4,8.0,7000,Curated India destination; travel time and budget are planning estimates.,curated-planning-dataset,2026-09-30,True,"Travel time, budget and suitability are estimates for trip-planning; verify live routes, stays, weather and closures before booking.",https://karnatakatourism.org/en/destinations,0,3150,7000,415,"Jugaad floor assumes lower-cost rail/general/sleeper travel, shared stays and local transport; fixed costs are separate when known."
dest_0104,Bandipur,Karnataka,India,India,Other,nature|adventure|slow,3-4,8.0,7000,Curated India destination; travel time and budget are planning estimates.,curated-planning-dataset,2026-09-30,True,"Travel time, budget and suitability are estimates for trip-planning; verify live routes, stays, weather and closures before booking.",https://karnatakatourism.org/en/destinations,0,3150,7000,415,"Jugaad floor assumes lower-cost rail/general/sleeper travel, shared stays and local transport; fixed costs are separate when known."
dest_0105,Nandi Hills,Karnataka,India,India,Other,mountains|nature|slow,3-4,8.0,7000,Curated India destination; travel time and budget are planning estimates.,curated-planning-dataset,2026-09-30,True,"Travel time, budget and suitability are estimates for trip-planning; verify live routes, stays, weather and closures before booking.",https://karnatakatourism.org/en/destinations,0,3150,7000,415,"Jugaad floor assumes lower-cost rail/general/sleeper travel, shared stays and local transport; fixed costs are separate when known."
dest_0106,Badami,Karnataka,India,India,Other,history|food|slow,3-4,8.0,7000,Curated India destination; travel time and budget are planning estimates.,curated-planning-dataset,2026-09-30,True,"Travel time, budget and suitability are estimates for trip-planning; verify live routes, stays, weather and closures before booking.",https://karnatakatourism.org/en/destinations,0,3150,7000,415,"Jugaad floor assumes lower-cost rail/general/sleeper travel, shared stays and local transport; fixed costs are separate when known."
dest_0107,Aihole,Karnataka,India,India,Other,food|history|slow,3-4,8.0,7000,Curated India destination; travel time and budget are planning estimates.,curated-planning-dataset,2026-09-30,True,"Travel time, budget and suitability are estimates for trip-planning; verify live routes, stays, weather and closures before booking.",https://karnatakatourism.org/en/destinations,0,3150,7000,415,"Jugaad floor assumes lower-cost rail/general/sleeper travel, shared stays and local transport; fixed costs are separate when known."
dest_0108,Pattadakal,Karnataka,India,India,Other,history|food|slow,3-4,8.0,7000,Curated India destination; travel time and budget are planning estimates.,curated-planning-dataset,2026-09-30,True,"Travel time, budget and suitability are estimates for trip-planning; verify live routes, stays, weather and closures before booking.",https://karnatakatourism.org/en/destinations,0,3150,7000,415,"Jugaad floor assumes lower-cost rail/general/sleeper travel, shared stays and local transport; fixed costs are separate when known."
dest_0109,Jog Falls,Karnataka,India,India,Other,food|history|slow,3-4,8.0,7000,Curated India destination; travel time and budget are planning estimates.,curated-planning-dataset,2026-09-30,True,"Travel time, budget and suitability are estimates for trip-planning; verify live routes, stays, weather and closures before booking.",https://karnatakatourism.org/en/destinations,0,3150,7000,415,"Jugaad floor assumes lower-cost rail/general/sleeper travel, shared stays and local transport; fixed costs are separate when known."
dest_0110,Kochi,Kerala,India,India,Other,food|history|slow,3-4,8.0,7000,Curated India destination; travel time and budget are planning estimates.,curated-planning-dataset,2026-09-30,True,"Travel time, budget and suitability are estimates for trip-planning; verify live routes, stays, weather and closures before booking.",https://www.keralatourism.org/,0,3150,7000,415,"Jugaad floor assumes lower-cost rail/general/sleeper travel, shared stays and local transport; fixed costs are separate when known."
dest_0111,Alleppey,Kerala,India,India,Other,food|history|slow,3-4,8.0,7000,Curated India destination; travel time and budget are planning estimates.,curated-planning-dataset,2026-09-30,True,"Travel time, budget and suitability are estimates for trip-planning; verify live routes, stays, weather and closures before booking.",https://www.keralatourism.org/,0,3150,7000,415,"Jugaad floor assumes lower-cost rail/general/sleeper travel, shared stays and local transport; fixed costs are separate when known."
dest_0112,Kovalam,Kerala,India,India,Other,beach|slow|food,3-4,8.0,7000,Curated India destination; travel time and budget are planning estimates.,curated-planning-dataset,2026-09-30,True,"Travel time, budget and suitability are estimates for trip-planning; verify live routes, stays, weather and closures before booking.",https://www.keralatourism.org/,0,3150,7000,415,"Jugaad floor assumes lower-cost rail/general/sleeper travel, shared stays and local transport; fixed costs are separate when known."
dest_0113,Thekkady,Kerala,India,India,Other,food|history|slow,3-4,8.0,7000,Curated India destination; travel time and budget are planning estimates.,curated-planning-dataset,2026-09-30,True,"Travel time, budget and suitability are estimates for trip-planning; verify live routes, stays, weather and closures before booking.",https://www.keralatourism.org/,0,3150,7000,415,"Jugaad floor assumes lower-cost rail/general/sleeper travel, shared stays and local transport; fixed costs are separate when known."
dest_0114,Vagamon,Kerala,India,India,Other,food|history|slow,3-4,8.0,7000,Curated India destination; travel time and budget are planning estimates.,curated-planning-dataset,2026-09-30,True,"Travel time, budget and suitability are estimates for trip-planning; verify live routes, stays, weather and closures before booking.",https://www.keralatourism.org/,0,3150,7000,415,"Jugaad floor assumes lower-cost rail/general/sleeper travel, shared stays and local transport; fixed costs are separate when known."
dest_0115,Kumarakom,Kerala,India,India,Other,food|history|slow,3-4,8.0,7000,Curated India destination; travel time and budget are planning estimates.,curated-planning-dataset,2026-09-30,True,"Travel time, budget and suitability are estimates for trip-planning; verify live routes, stays, weather and closures before booking.",https://www.keralatourism.org/,0,3150,7000,415,"Jugaad floor assumes lower-cost rail/general/sleeper travel, shared stays and local transport; fixed costs are separate when known."
dest_0116,Kozhikode,Kerala,India,India,Other,food|history|slow,3-4,8.0,7000,Curated India destination; travel time and budget are planning estimates.,curated-planning-dataset,2026-09-30,True,"Travel time, budget and suitability are estimates for trip-planning; verify live routes, stays, weather and closures before booking.",https://www.keralatourism.org/,0,3150,7000,415,"Jugaad floor assumes lower-cost rail/general/sleeper travel, shared stays and local transport; fixed costs are separate when known."
dest_0117,Kannur,Kerala,India,India,Other,food|history|slow,3-4,8.0,7000,Curated India destination; travel time and budget are planning estimates.,curated-planning-dataset,2026-09-30,True,"Travel time, budget and suitability are estimates for trip-planning; verify live routes, stays, weather and closures before booking.",https://www.keralatourism.org/,0,3150,7000,415,"Jugaad floor assumes lower-cost rail/general/sleeper travel, shared stays and local transport; fixed costs are separate when known."
dest_0118,Bekal,Kerala,India,India,Other,food|history|slow,3-4,8.0,7000,Curated India destination; travel time and budget are planning estimates.,curated-planning-dataset,2026-09-30,True,"Travel time, budget and suitability are estimates for trip-planning; verify live routes, stays, weather and closures before booking.",https://www.keralatourism.org/,0,3150,7000,415,"Jugaad floor assumes lower-cost rail/general/sleeper travel, shared stays and local transport; fixed costs are separate when known."
dest_0119,Marari,Kerala,India,India,Other,beach|slow|food,3-4,8.0,7000,Curated India destination; travel time and budget are planning estimates.,curated-planning-dataset,2026-09-30,True,"Travel time, budget and suitability are estimates for trip-planning; verify live routes, stays, weather and closures before booking.",https://www.keralatourism.org/,0,3150,7000,415,"Jugaad floor assumes lower-cost rail/general/sleeper travel, shared stays and local transport; fixed costs are separate when known."
dest_0120,Chennai,Tamil Nadu,India,India,Other,food|history|slow,3-4,8.0,7000,Curated India destination; travel time and budget are planning estimates.,curated-planning-dataset,2026-09-30,True,"Travel time, budget and suitability are estimates for trip-planning; verify live routes, stays, weather and closures before booking.",https://www.tamilnadutourism.tn.gov.in/,0,3150,7000,415,"Jugaad floor assumes lower-cost rail/general/sleeper travel, shared stays and local transport; fixed costs are separate when known."
dest_0121,Ooty,Tamil Nadu,India,India,Other,mountains|nature|slow,3-4,8.0,7000,Curated India destination; travel time and budget are planning estimates.,curated-planning-dataset,2026-09-30,True,"Travel time, budget and suitability are estimates for trip-planning; verify live routes, stays, weather and closures before booking.",https://www.tamilnadutourism.tn.gov.in/,0,3150,7000,415,"Jugaad floor assumes lower-cost rail/general/sleeper travel, shared stays and local transport; fixed costs are separate when known."
dest_0122,Kodaikanal,Tamil Nadu,India,India,Other,food|history|slow,3-4,8.0,7000,Curated India destination; travel time and budget are planning estimates.,curated-planning-dataset,2026-09-30,True,"Travel time, budget and suitability are estimates for trip-planning; verify live routes, stays, weather and closures before booking.",https://www.tamilnadutourism.tn.gov.in/,0,3150,7000,415,"Jugaad floor assumes lower-cost rail/general/sleeper travel, shared stays and local transport; fixed costs are separate when known."
dest_0123,Coonoor,Tamil Nadu,India,India,Other,food|history|slow,3-4,8.0,7000,Curated India destination; travel time and budget are planning estimates.,curated-planning-dataset,2026-09-30,True,"Travel time, budget and suitability are estimates for trip-planning; verify live routes, stays, weather and closures before booking.",https://www.tamilnadutourism.tn.gov.in/,0,3150,7000,415,"Jugaad floor assumes lower-cost rail/general/sleeper travel, shared stays and local transport; fixed costs are separate when known."
dest_0124,Yercaud,Tamil Nadu,India,India,Other,food|history|slow,3-4,8.0,7000,Curated India destination; travel time and budget are planning estimates.,curated-planning-dataset,2026-09-30,True,"Travel time, budget and suitability are estimates for trip-planning; verify live routes, stays, weather and closures before booking.",https://www.tamilnadutourism.tn.gov.in/,0,3150,7000,415,"Jugaad floor assumes lower-cost rail/general/sleeper travel, shared stays and local transport; fixed costs are separate when known."
dest_0125,Madurai,Tamil Nadu,India,India,Other,food|history|slow,3-4,8.0,7000,Curated India destination; travel time and budget are planning estimates.,curated-planning-dataset,2026-09-30,True,"Travel time, budget and suitability are estimates for trip-planning; verify live routes, stays, weather and closures before booking.",https://www.tamilnadutourism.tn.gov.in/,0,3150,7000,415,"Jugaad floor assumes lower-cost rail/general/sleeper travel, shared stays and local transport; fixed costs are separate when known."
dest_0126,Rameswaram,Tamil Nadu,India,India,Other,food|history|slow,3-4,8.0,7000,Curated India destination; travel time and budget are planning estimates.,curated-planning-dataset,2026-09-30,True,"Travel time, budget and suitability are estimates for trip-planning; verify live routes, stays, weather and closures before booking.",https://www.tamilnadutourism.tn.gov.in/,0,3150,7000,415,"Jugaad floor assumes lower-cost rail/general/sleeper travel, shared stays and local transport; fixed costs are separate when known."
dest_0127,Kanyakumari,Tamil Nadu,India,India,Other,food|history|slow,3-4,8.0,7000,Curated India destination; travel time and budget are planning estimates.,curated-planning-dataset,2026-09-30,True,"Travel time, budget and suitability are estimates for trip-planning; verify live routes, stays, weather and closures before booking.",https://www.tamilnadutourism.tn.gov.in/,0,3150,7000,415,"Jugaad floor assumes lower-cost rail/general/sleeper travel, shared stays and local transport; fixed costs are separate when known."
dest_0128,Mahabalipuram,Tamil Nadu,India,India,Other,mountains|nature|slow,3-4,8.0,7000,Curated India destination; travel time and budget are planning estimates.,curated-planning-dataset,2026-09-30,True,"Travel time, budget and suitability are estimates for trip-planning; verify live routes, stays, weather and closures before booking.",https://www.tamilnadutourism.tn.gov.in/,0,3150,7000,415,"Jugaad floor assumes lower-cost rail/general/sleeper travel, shared stays and local transport; fixed costs are separate when known."
dest_0129,Thanjavur,Tamil Nadu,India,India,Other,food|history|slow,3-4,8.0,7000,Curated India destination; travel time and budget are planning estimates.,curated-planning-dataset,2026-09-30,True,"Travel time, budget and suitability are estimates for trip-planning; verify live routes, stays, weather and closures before booking.",https://www.tamilnadutourism.tn.gov.in/,0,3150,7000,415,"Jugaad floor assumes lower-cost rail/general/sleeper travel, shared stays and local transport; fixed costs are separate when known."
dest_0130,Kolli Hills,Tamil Nadu,India,India,Other,mountains|nature|slow,3-4,8.0,7000,Curated India destination; travel time and budget are planning estimates.,curated-planning-dataset,2026-09-30,True,"Travel time, budget and suitability are estimates for trip-planning; verify live routes, stays, weather and closures before booking.",https://www.tamilnadutourism.tn.gov.in/,0,3150,7000,415,"Jugaad floor assumes lower-cost rail/general/sleeper travel, shared stays and local transport; fixed costs are separate when known."
dest_0131,Pushkar,Rajasthan,India,India,Other,food|history|slow,3-4,8.0,7000,Curated India destination; travel time and budget are planning estimates.,curated-planning-dataset,2026-09-30,True,"Travel time, budget and suitability are estimates for trip-planning; verify live routes, stays, weather and closures before booking.",https://www.tourism.rajasthan.gov.in/,0,3150,7000,415,"Jugaad floor assumes lower-cost rail/general/sleeper travel, shared stays and local transport; fixed costs are separate when known."
dest_0132,Ajmer,Rajasthan,India,India,Other,food|history|slow,3-4,8.0,7000,Curated India destination; travel time and budget are planning estimates.,curated-planning-dataset,2026-09-30,True,"Travel time, budget and suitability are estimates for trip-planning; verify live routes, stays, weather and closures before booking.",https://www.tourism.rajasthan.gov.in/,0,3150,7000,415,"Jugaad floor assumes lower-cost rail/general/sleeper travel, shared stays and local transport; fixed costs are separate when known."
dest_0133,Mount Abu,Rajasthan,India,India,Other,mountains|nature|slow,3-4,8.0,7000,Curated India destination; travel time and budget are planning estimates.,curated-planning-dataset,2026-09-30,True,"Travel time, budget and suitability are estimates for trip-planning; verify live routes, stays, weather and closures before booking.",https://www.tourism.rajasthan.gov.in/,0,3150,7000,415,"Jugaad floor assumes lower-cost rail/general/sleeper travel, shared stays and local transport; fixed costs are separate when known."
dest_0134,Bikaner,Rajasthan,India,India,Other,food|history|slow,3-4,8.0,7000,Curated India destination; travel time and budget are planning estimates.,curated-planning-dataset,2026-09-30,True,"Travel time, budget and suitability are estimates for trip-planning; verify live routes, stays, weather and closures before booking.",https://www.tourism.rajasthan.gov.in/,0,3150,7000,415,"Jugaad floor assumes lower-cost rail/general/sleeper travel, shared stays and local transport; fixed costs are separate when known."
dest_0135,Ranthambore,Rajasthan,India,India,Other,food|history|slow,3-4,8.0,7000,Curated India destination; travel time and budget are planning estimates.,curated-planning-dataset,2026-09-30,True,"Travel time, budget and suitability are estimates for trip-planning; verify live routes, stays, weather and closures before booking.",https://www.tourism.rajasthan.gov.in/,0,3150,7000,415,"Jugaad floor assumes lower-cost rail/general/sleeper travel, shared stays and local transport; fixed costs are separate when known."
dest_0136,Chittorgarh,Rajasthan,India,India,Other,food|history|slow,3-4,8.0,7000,Curated India destination; travel time and budget are planning estimates.,curated-planning-dataset,2026-09-30,True,"Travel time, budget and suitability are estimates for trip-planning; verify live routes, stays, weather and closures before booking.",https://www.tourism.rajasthan.gov.in/,0,3150,7000,415,"Jugaad floor assumes lower-cost rail/general/sleeper travel, shared stays and local transport; fixed costs are separate when known."
dest_0137,Bundi,Rajasthan,India,India,Other,food|history|slow,3-4,8.0,7000,Curated India destination; travel time and budget are planning estimates.,curated-planning-dataset,2026-09-30,True,"Travel time, budget and suitability are estimates for trip-planning; verify live routes, stays, weather and closures before booking.",https://www.tourism.rajasthan.gov.in/,0,3150,7000,415,"Jugaad floor assumes lower-cost rail/general/sleeper travel, shared stays and local transport; fixed costs are separate when known."
dest_0138,Kumbhalgarh,Rajasthan,India,India,Other,food|history|slow,3-4,8.0,7000,Curated India destination; travel time and budget are planning estimates.,curated-planning-dataset,2026-09-30,True,"Travel time, budget and suitability are estimates for trip-planning; verify live routes, stays, weather and closures before booking.",https://www.tourism.rajasthan.gov.in/,0,3150,7000,415,"Jugaad floor assumes lower-cost rail/general/sleeper travel, shared stays and local transport; fixed costs are separate when known."
dest_0139,Indore,Madhya Pradesh,India,India,Other,food|history|slow,3-4,8.0,7000,Curated India destination; travel time and budget are planning estimates.,curated-planning-dataset,2026-09-30,True,"Travel time, budget and suitability are estimates for trip-planning; verify live routes, stays, weather and closures before booking.",https://www.mptourism.com/,0,3150,7000,415,"Jugaad floor assumes lower-cost rail/general/sleeper travel, shared stays and local transport; fixed costs are separate when known."
dest_0140,Bhopal,Madhya Pradesh,India,India,Other,food|history|slow,3-4,8.0,7000,Curated India destination; travel time and budget are planning estimates.,curated-planning-dataset,2026-09-30,True,"Travel time, budget and suitability are estimates for trip-planning; verify live routes, stays, weather and closures before booking.",https://www.mptourism.com/,0,3150,7000,415,"Jugaad floor assumes lower-cost rail/general/sleeper travel, shared stays and local transport; fixed costs are separate when known."
dest_0141,Ujjain,Madhya Pradesh,India,India,Other,food|history|slow,3-4,8.0,7000,Curated India destination; travel time and budget are planning estimates.,curated-planning-dataset,2026-09-30,True,"Travel time, budget and suitability are estimates for trip-planning; verify live routes, stays, weather and closures before booking.",https://www.mptourism.com/,0,3150,7000,415,"Jugaad floor assumes lower-cost rail/general/sleeper travel, shared stays and local transport; fixed costs are separate when known."
dest_0142,Orchha,Madhya Pradesh,India,India,Other,history|food|slow,3-4,8.0,7000,Curated India destination; travel time and budget are planning estimates.,curated-planning-dataset,2026-09-30,True,"Travel time, budget and suitability are estimates for trip-planning; verify live routes, stays, weather and closures before booking.",https://www.mptourism.com/,0,3150,7000,415,"Jugaad floor assumes lower-cost rail/general/sleeper travel, shared stays and local transport; fixed costs are separate when known."
dest_0143,Khajuraho,Madhya Pradesh,India,India,Other,history|food|slow,3-4,8.0,7000,Curated India destination; travel time and budget are planning estimates.,curated-planning-dataset,2026-09-30,True,"Travel time, budget and suitability are estimates for trip-planning; verify live routes, stays, weather and closures before booking.",https://www.mptourism.com/,0,3150,7000,415,"Jugaad floor assumes lower-cost rail/general/sleeper travel, shared stays and local transport; fixed costs are separate when known."
dest_0144,Pachmarhi,Madhya Pradesh,India,India,Other,food|history|slow,3-4,8.0,7000,Curated India destination; travel time and budget are planning estimates.,curated-planning-dataset,2026-09-30,True,"Travel time, budget and suitability are estimates for trip-planning; verify live routes, stays, weather and closures before booking.",https://www.mptourism.com/,0,3150,7000,415,"Jugaad floor assumes lower-cost rail/general/sleeper travel, shared stays and local transport; fixed costs are separate when known."
dest_0145,Mandu,Madhya Pradesh,India,India,Other,food|history|slow,3-4,8.0,7000,Curated India destination; travel time and budget are planning estimates.,curated-planning-dataset,2026-09-30,True,"Travel time, budget and suitability are estimates for trip-planning; verify live routes, stays, weather and closures before booking.",https://www.mptourism.com/,0,3150,7000,415,"Jugaad floor assumes lower-cost rail/general/sleeper travel, shared stays and local transport; fixed costs are separate when known."
dest_0146,Kanha,Madhya Pradesh,India,India,Other,nature|adventure|slow,3-4,8.0,7000,Curated India destination; travel time and budget are planning estimates.,curated-planning-dataset,2026-09-30,True,"Travel time, budget and suitability are estimates for trip-planning; verify live routes, stays, weather and closures before booking.",https://www.mptourism.com/,0,3150,7000,415,"Jugaad floor assumes lower-cost rail/general/sleeper travel, shared stays and local transport; fixed costs are separate when known."
dest_0147,Bandhavgarh,Madhya Pradesh,India,India,Other,nature|adventure|slow,3-4,8.0,7000,Curated India destination; travel time and budget are planning estimates.,curated-planning-dataset,2026-09-30,True,"Travel time, budget and suitability are estimates for trip-planning; verify live routes, stays, weather and closures before booking.",https://www.mptourism.com/,0,3150,7000,415,"Jugaad floor assumes lower-cost rail/general/sleeper travel, shared stays and local transport; fixed costs are separate when known."
dest_0148,Sanchi,Madhya Pradesh,India,India,Other,history|food|slow,3-4,8.0,7000,Curated India destination; travel time and budget are planning estimates.,curated-planning-dataset,2026-09-30,True,"Travel time, budget and suitability are estimates for trip-planning; verify live routes, stays, weather and closures before booking.",https://www.mptourism.com/,0,3150,7000,415,"Jugaad floor assumes lower-cost rail/general/sleeper travel, shared stays and local transport; fixed costs are separate when known."
dest_0149,Bhimbetka,Madhya Pradesh,India,India,Other,food|history|slow,3-4,8.0,7000,Curated India destination; travel time and budget are planning estimates.,curated-planning-dataset,2026-09-30,True,"Travel time, budget and suitability are estimates for trip-planning; verify live routes, stays, weather and closures before booking.",https://www.mptourism.com/,0,3150,7000,415,"Jugaad floor assumes lower-cost rail/general/sleeper travel, shared stays and local transport; fixed costs are separate when known."
dest_0150,Haridwar,Uttarakhand,India,India,Other,food|history|slow,3-4,8.0,7000,Curated India destination; travel time and budget are planning estimates.,curated-planning-dataset,2026-09-30,False,"Travel time, budget and suitability are estimates for trip-planning; verify live routes, stays, weather and closures before booking.",https://www.uttarakhandtourism.gov.in/,0,3150,7000,415,"Jugaad floor assumes lower-cost rail/general/sleeper travel, shared stays and local transport; fixed costs are separate when known."
dest_0151,Mussoorie,Uttarakhand,India,India,Other,mountains|nature|slow,3-4,8.0,7000,Curated India destination; travel time and budget are planning estimates.,curated-planning-dataset,2026-09-30,False,"Travel time, budget and suitability are estimates for trip-planning; verify live routes, stays, weather and closures before booking.",https://www.uttarakhandtourism.gov.in/,0,3150,7000,415,"Jugaad floor assumes lower-cost rail/general/sleeper travel, shared stays and local transport; fixed costs are separate when known."
dest_0152,Nainital,Uttarakhand,India,India,Other,mountains|nature|slow,3-4,8.0,7000,Curated India destination; travel time and budget are planning estimates.,curated-planning-dataset,2026-09-30,False,"Travel time, budget and suitability are estimates for trip-planning; verify live routes, stays, weather and closures before booking.",https://www.uttarakhandtourism.gov.in/,0,3150,7000,415,"Jugaad floor assumes lower-cost rail/general/sleeper travel, shared stays and local transport; fixed costs are separate when known."
dest_0153,Ranikhet,Uttarakhand,India,India,Other,food|history|slow,3-4,8.0,7000,Curated India destination; travel time and budget are planning estimates.,curated-planning-dataset,2026-09-30,False,"Travel time, budget and suitability are estimates for trip-planning; verify live routes, stays, weather and closures before booking.",https://www.uttarakhandtourism.gov.in/,0,3150,7000,415,"Jugaad floor assumes lower-cost rail/general/sleeper travel, shared stays and local transport; fixed costs are separate when known."
dest_0154,Auli,Uttarakhand,India,India,Other,food|history|slow,3-4,8.0,7000,Curated India destination; travel time and budget are planning estimates.,curated-planning-dataset,2026-09-30,False,"Travel time, budget and suitability are estimates for trip-planning; verify live routes, stays, weather and closures before booking.",https://www.uttarakhandtourism.gov.in/,0,3150,7000,415,"Jugaad floor assumes lower-cost rail/general/sleeper travel, shared stays and local transport; fixed costs are separate when known."
dest_0155,Jim Corbett,Uttarakhand,India,India,Other,nature|adventure|slow,3-4,8.0,7000,Curated India destination; travel time and budget are planning estimates.,curated-planning-dataset,2026-09-30,False,"Travel time, budget and suitability are estimates for trip-planning; verify live routes, stays, weather and closures before booking.",https://www.uttarakhandtourism.gov.in/,0,3150,7000,415,"Jugaad floor assumes lower-cost rail/general/sleeper travel, shared stays and local transport; fixed costs are separate when known."
dest_0156,Kedarnath,Uttarakhand,India,India,Other,food|history|slow,3-4,8.0,7000,Curated India destination; travel time and budget are planning estimates.,curated-planning-dataset,2026-09-30,False,"Travel time, budget and suitability are estimates for trip-planning; verify live routes, stays, weather and closures before booking.",https://www.uttarakhandtourism.gov.in/,0,3150,7000,415,"Jugaad floor assumes lower-cost rail/general/sleeper travel, shared stays and local transport; fixed costs are separate when known."
dest_0157,Badrinath,Uttarakhand,India,India,Other,food|history|slow,3-4,8.0,7000,Curated India destination; travel time and budget are planning estimates.,curated-planning-dataset,2026-09-30,False,"Travel time, budget and suitability are estimates for trip-planning; verify live routes, stays, weather and closures before booking.",https://www.uttarakhandtourism.gov.in/,0,3150,7000,415,"Jugaad floor assumes lower-cost rail/general/sleeper travel, shared stays and local transport; fixed costs are separate when known."
dest_0158,Valley of Flowers,Uttarakhand,India,India,Other,mountains|nature|slow,3-4,8.0,7000,Curated India destination; travel time and budget are planning estimates.,curated-planning-dataset,2026-09-30,False,"Travel time, budget and suitability are estimates for trip-planning; verify live routes, stays, weather and closures before booking.",https://www.uttarakhandtourism.gov.in/,0,3150,7000,415,"Jugaad floor assumes lower-cost rail/general/sleeper travel, shared stays and local transport; fixed costs are separate when known."
dest_0159,Shimla,Himachal Pradesh,India,India,Other,food|history|slow,3-4,8.0,7000,Curated India destination; travel time and budget are planning estimates.,curated-planning-dataset,2026-09-30,False,"Travel time, budget and suitability are estimates for trip-planning; verify live routes, stays, weather and closures before booking.",https://himachaltourism.gov.in/,0,3150,7000,415,"Jugaad floor assumes lower-cost rail/general/sleeper travel, shared stays and local transport; fixed costs are separate when known."
dest_0160,McLeod Ganj,Himachal Pradesh,India,India,Other,food|history|slow,3-4,8.0,7000,Curated India destination; travel time and budget are planning estimates.,curated-planning-dataset,2026-09-30,False,"Travel time, budget and suitability are estimates for trip-planning; verify live routes, stays, weather and closures before booking.",https://himachaltourism.gov.in/,0,3150,7000,415,"Jugaad floor assumes lower-cost rail/general/sleeper travel, shared stays and local transport; fixed costs are separate when known."
dest_0161,Dalhousie,Himachal Pradesh,India,India,Other,food|history|slow,3-4,8.0,7000,Curated India destination; travel time and budget are planning estimates.,curated-planning-dataset,2026-09-30,False,"Travel time, budget and suitability are estimates for trip-planning; verify live routes, stays, weather and closures before booking.",https://himachaltourism.gov.in/,0,3150,7000,415,"Jugaad floor assumes lower-cost rail/general/sleeper travel, shared stays and local transport; fixed costs are separate when known."
dest_0162,Kasauli,Himachal Pradesh,India,India,Other,food|history|slow,3-4,8.0,7000,Curated India destination; travel time and budget are planning estimates.,curated-planning-dataset,2026-09-30,False,"Travel time, budget and suitability are estimates for trip-planning; verify live routes, stays, weather and closures before booking.",https://himachaltourism.gov.in/,0,3150,7000,415,"Jugaad floor assumes lower-cost rail/general/sleeper travel, shared stays and local transport; fixed costs are separate when known."
dest_0163,Spiti,Himachal Pradesh,India,India,Other,food|history|slow,3-4,8.0,7000,Curated India destination; travel time and budget are planning estimates.,curated-planning-dataset,2026-09-30,False,"Travel time, budget and suitability are estimates for trip-planning; verify live routes, stays, weather and closures before booking.",https://himachaltourism.gov.in/,0,3150,7000,415,"Jugaad floor assumes lower-cost rail/general/sleeper travel, shared stays and local transport; fixed costs are separate when known."
dest_0164,Kinnaur,Himachal Pradesh,India,India,Other,food|history|slow,3-4,8.0,7000,Curated India destination; travel time and budget are planning estimates.,curated-planning-dataset,2026-09-30,False,"Travel time, budget and suitability are estimates for trip-planning; verify live routes, stays, weather and closures before booking.",https://himachaltourism.gov.in/,0,3150,7000,415,"Jugaad floor assumes lower-cost rail/general/sleeper travel, shared stays and local transport; fixed costs are separate when known."
dest_0165,Tirthan Valley,Himachal Pradesh,India,India,Other,mountains|nature|slow,3-4,8.0,7000,Curated India destination; travel time and budget are planning estimates.,curated-planning-dataset,2026-09-30,False,"Travel time, budget and suitability are estimates for trip-planning; verify live routes, stays, weather and closures before booking.",https://himachaltourism.gov.in/,0,3150,7000,415,"Jugaad floor assumes lower-cost rail/general/sleeper travel, shared stays and local transport; fixed costs are separate when known."
dest_0166,Bir,Himachal Pradesh,India,India,Other,food|history|slow,3-4,8.0,7000,Curated India destination; travel time and budget are planning estimates.,curated-planning-dataset,2026-09-30,False,"Travel time, budget and suitability are estimates for trip-planning; verify live routes, stays, weather and closures before booking.",https://himachaltourism.gov.in/,0,3150,7000,415,"Jugaad floor assumes lower-cost rail/general/sleeper travel, shared stays and local transport; fixed costs are separate when known."
dest_0167,Chitkul,Himachal Pradesh,India,India,Other,food|history|slow,3-4,8.0,7000,Curated India destination; travel time and budget are planning estimates.,curated-planning-dataset,2026-09-30,False,"Travel time, budget and suitability are estimates for trip-planning; verify live routes, stays, weather and closures before booking.",https://himachaltourism.gov.in/,0,3150,7000,415,"Jugaad floor assumes lower-cost rail/general/sleeper travel, shared stays and local transport; fixed costs are separate when known."
dest_0168,Kolkata,West Bengal,India,India,Other,food|history|slow,3-4,8.0,7000,Curated India destination; travel time and budget are planning estimates.,curated-planning-dataset,2026-09-30,False,"Travel time, budget and suitability are estimates for trip-planning; verify live routes, stays, weather and closures before booking.",https://wbtourism.gov.in/,0,3150,7000,415,"Jugaad floor assumes lower-cost rail/general/sleeper travel, shared stays and local transport; fixed costs are separate when known."
dest_0169,Darjeeling,West Bengal,India,India,Other,mountains|nature|slow,3-4,8.0,7000,Curated India destination; travel time and budget are planning estimates.,curated-planning-dataset,2026-09-30,False,"Travel time, budget and suitability are estimates for trip-planning; verify live routes, stays, weather and closures before booking.",https://wbtourism.gov.in/,0,3150,7000,415,"Jugaad floor assumes lower-cost rail/general/sleeper travel, shared stays and local transport; fixed costs are separate when known."
dest_0170,Kalimpong,West Bengal,India,India,Other,food|history|slow,3-4,8.0,7000,Curated India destination; travel time and budget are planning estimates.,curated-planning-dataset,2026-09-30,False,"Travel time, budget and suitability are estimates for trip-planning; verify live routes, stays, weather and closures before booking.",https://wbtourism.gov.in/,0,3150,7000,415,"Jugaad floor assumes lower-cost rail/general/sleeper travel, shared stays and local transport; fixed costs are separate when known."
dest_0171,Siliguri,West Bengal,India,India,Other,food|history|slow,3-4,8.0,7000,Curated India destination; travel time and budget are planning estimates.,curated-planning-dataset,2026-09-30,False,"Travel time, budget and suitability are estimates for trip-planning; verify live routes, stays, weather and closures before booking.",https://wbtourism.gov.in/,0,3150,7000,415,"Jugaad floor assumes lower-cost rail/general/sleeper travel, shared stays and local transport; fixed costs are separate when known."
dest_0172,Sundarbans,West Bengal,India,India,Other,nature|adventure|slow,3-4,8.0,7000,Curated India destination; travel time and budget are planning estimates.,curated-planning-dataset,2026-09-30,False,"Travel time, budget and suitability are estimates for trip-planning; verify live routes, stays, weather and closures before booking.",https://wbtourism.gov.in/,0,3150,7000,415,"Jugaad floor assumes lower-cost rail/general/sleeper travel, shared stays and local transport; fixed costs are separate when known."
dest_0173,Digha,West Bengal,India,India,Other,beach|slow|food,3-4,8.0,7000,Curated India destination; travel time and budget are planning estimates.,curated-planning-dataset,2026-09-30,False,"Travel time, budget and suitability are estimates for trip-planning; verify live routes, stays, weather and closures before booking.",https://wbtourism.gov.in/,0,3150,7000,415,"Jugaad floor assumes lower-cost rail/general/sleeper travel, shared stays and local transport; fixed costs are separate when known."
dest_0174,Mandarmani,West Bengal,India,India,Other,beach|slow|food,3-4,8.0,7000,Curated India destination; travel time and budget are planning estimates.,curated-planning-dataset,2026-09-30,False,"Travel time, budget and suitability are estimates for trip-planning; verify live routes, stays, weather and closures before booking.",https://wbtourism.gov.in/,0,3150,7000,415,"Jugaad floor assumes lower-cost rail/general/sleeper travel, shared stays and local transport; fixed costs are separate when known."
dest_0175,Mirik,West Bengal,India,India,Other,food|history|slow,3-4,8.0,7000,Curated India destination; travel time and budget are planning estimates.,curated-planning-dataset,2026-09-30,False,"Travel time, budget and suitability are estimates for trip-planning; verify live routes, stays, weather and closures before booking.",https://wbtourism.gov.in/,0,3150,7000,415,"Jugaad floor assumes lower-cost rail/general/sleeper travel, shared stays and local transport; fixed costs are separate when known."
dest_0176,Bhubaneswar,Odisha,India,India,Other,food|history|slow,3-4,8.0,7000,Curated India destination; travel time and budget are planning estimates.,curated-planning-dataset,2026-09-30,False,"Travel time, budget and suitability are estimates for trip-planning; verify live routes, stays, weather and closures before booking.",https://odishatourism.gov.in/,0,3150,7000,415,"Jugaad floor assumes lower-cost rail/general/sleeper travel, shared stays and local transport; fixed costs are separate when known."
dest_0177,Puri,Odisha,India,India,Other,beach|slow|food,3-4,8.0,7000,Curated India destination; travel time and budget are planning estimates.,curated-planning-dataset,2026-09-30,False,"Travel time, budget and suitability are estimates for trip-planning; verify live routes, stays, weather and closures before booking.",https://odishatourism.gov.in/,0,3150,7000,415,"Jugaad floor assumes lower-cost rail/general/sleeper travel, shared stays and local transport; fixed costs are separate when known."
dest_0178,Konark,Odisha,India,India,Other,history|food|slow,3-4,8.0,7000,Curated India destination; travel time and budget are planning estimates.,curated-planning-dataset,2026-09-30,False,"Travel time, budget and suitability are estimates for trip-planning; verify live routes, stays, weather and closures before booking.",https://odishatourism.gov.in/,0,3150,7000,415,"Jugaad floor assumes lower-cost rail/general/sleeper travel, shared stays and local transport; fixed costs are separate when known."
dest_0179,Chilika,Odisha,India,India,Other,food|history|slow,3-4,8.0,7000,Curated India destination; travel time and budget are planning estimates.,curated-planning-dataset,2026-09-30,False,"Travel time, budget and suitability are estimates for trip-planning; verify live routes, stays, weather and closures before booking.",https://odishatourism.gov.in/,0,3150,7000,415,"Jugaad floor assumes lower-cost rail/general/sleeper travel, shared stays and local transport; fixed costs are separate when known."
dest_0180,Gopalpur,Odisha,India,India,Other,beach|slow|food,3-4,8.0,7000,Curated India destination; travel time and budget are planning estimates.,curated-planning-dataset,2026-09-30,False,"Travel time, budget and suitability are estimates for trip-planning; verify live routes, stays, weather and closures before booking.",https://odishatourism.gov.in/,0,3150,7000,415,"Jugaad floor assumes lower-cost rail/general/sleeper travel, shared stays and local transport; fixed costs are separate when known."
dest_0181,Cuttack,Odisha,India,India,Other,food|history|slow,3-4,8.0,7000,Curated India destination; travel time and budget are planning estimates.,curated-planning-dataset,2026-09-30,False,"Travel time, budget and suitability are estimates for trip-planning; verify live routes, stays, weather and closures before booking.",https://odishatourism.gov.in/,0,3150,7000,415,"Jugaad floor assumes lower-cost rail/general/sleeper travel, shared stays and local transport; fixed costs are separate when known."
dest_0182,Daringbadi,Odisha,India,India,Other,food|history|slow,3-4,8.0,7000,Curated India destination; travel time and budget are planning estimates.,curated-planning-dataset,2026-09-30,False,"Travel time, budget and suitability are estimates for trip-planning; verify live routes, stays, weather and closures before booking.",https://odishatourism.gov.in/,0,3150,7000,415,"Jugaad floor assumes lower-cost rail/general/sleeper travel, shared stays and local transport; fixed costs are separate when known."
dest_0183,Simlipal,Odisha,India,India,Other,food|history|slow,3-4,8.0,7000,Curated India destination; travel time and budget are planning estimates.,curated-planning-dataset,2026-09-30,False,"Travel time, budget and suitability are estimates for trip-planning; verify live routes, stays, weather and closures before booking.",https://odishatourism.gov.in/,0,3150,7000,415,"Jugaad floor assumes lower-cost rail/general/sleeper travel, shared stays and local transport; fixed costs are separate when known."
dest_0184,Visakhapatnam,Andhra Pradesh,India,India,Other,food|history|slow,3-4,8.0,7000,Curated India destination; travel time and budget are planning estimates.,curated-planning-dataset,2026-09-30,False,"Travel time, budget and suitability are estimates for trip-planning; verify live routes, stays, weather and closures before booking.",,0,3150,7000,415,"Jugaad floor assumes lower-cost rail/general/sleeper travel, shared stays and local transport; fixed costs are separate when known."
dest_0185,Araku Valley,Andhra Pradesh,India,India,Other,mountains|nature|slow,3-4,8.0,7000,Curated India destination; travel time and budget are planning estimates.,curated-planning-dataset,2026-09-30,False,"Travel time, budget and suitability are estimates for trip-planning; verify live routes, stays, weather and closures before booking.",,0,3150,7000,415,"Jugaad floor assumes lower-cost rail/general/sleeper travel, shared stays and local transport; fixed costs are separate when known."
dest_0186,Vijayawada,Andhra Pradesh,India,India,Other,food|history|slow,3-4,8.0,7000,Curated India destination; travel time and budget are planning estimates.,curated-planning-dataset,2026-09-30,False,"Travel time, budget and suitability are estimates for trip-planning; verify live routes, stays, weather and closures before booking.",,0,3150,7000,415,"Jugaad floor assumes lower-cost rail/general/sleeper travel, shared stays and local transport; fixed costs are separate when known."
dest_0187,Tirupati,Andhra Pradesh,India,India,Other,food|history|slow,3-4,8.0,7000,Curated India destination; travel time and budget are planning estimates.,curated-planning-dataset,2026-09-30,False,"Travel time, budget and suitability are estimates for trip-planning; verify live routes, stays, weather and closures before booking.",,0,3150,7000,415,"Jugaad floor assumes lower-cost rail/general/sleeper travel, shared stays and local transport; fixed costs are separate when known."
dest_0188,Lepakshi,Andhra Pradesh,India,India,Other,food|history|slow,3-4,8.0,7000,Curated India destination; travel time and budget are planning estimates.,curated-planning-dataset,2026-09-30,False,"Travel time, budget and suitability are estimates for trip-planning; verify live routes, stays, weather and closures before booking.",,0,3150,7000,415,"Jugaad floor assumes lower-cost rail/general/sleeper travel, shared stays and local transport; fixed costs are separate when known."
dest_0189,Lambasingi,Andhra Pradesh,India,India,Other,food|history|slow,3-4,8.0,7000,Curated India destination; travel time and budget are planning estimates.,curated-planning-dataset,2026-09-30,False,"Travel time, budget and suitability are estimates for trip-planning; verify live routes, stays, weather and closures before booking.",,0,3150,7000,415,"Jugaad floor assumes lower-cost rail/general/sleeper travel, shared stays and local transport; fixed costs are separate when known."
dest_0190,Rajahmundry,Andhra Pradesh,India,India,Other,food|history|slow,3-4,8.0,7000,Curated India destination; travel time and budget are planning estimates.,curated-planning-dataset,2026-09-30,False,"Travel time, budget and suitability are estimates for trip-planning; verify live routes, stays, weather and closures before booking.",,0,3150,7000,415,"Jugaad floor assumes lower-cost rail/general/sleeper travel, shared stays and local transport; fixed costs are separate when known."
dest_0191,Hyderabad,Telangana,India,India,Other,food|history|slow,3-4,8.0,7000,Curated India destination; travel time and budget are planning estimates.,curated-planning-dataset,2026-09-30,False,"Travel time, budget and suitability are estimates for trip-planning; verify live routes, stays, weather and closures before booking.",,0,3150,7000,415,"Jugaad floor assumes lower-cost rail/general/sleeper travel, shared stays and local transport; fixed costs are separate when known."
dest_0192,Warangal,Telangana,India,India,Other,food|history|slow,3-4,8.0,7000,Curated India destination; travel time and budget are planning estimates.,curated-planning-dataset,2026-09-30,False,"Travel time, budget and suitability are estimates for trip-planning; verify live routes, stays, weather and closures before booking.",,0,3150,7000,415,"Jugaad floor assumes lower-cost rail/general/sleeper travel, shared stays and local transport; fixed costs are separate when known."
dest_0193,Nagarjuna Sagar,Telangana,India,India,Other,food|history|slow,3-4,8.0,7000,Curated India destination; travel time and budget are planning estimates.,curated-planning-dataset,2026-09-30,False,"Travel time, budget and suitability are estimates for trip-planning; verify live routes, stays, weather and closures before booking.",,0,3150,7000,415,"Jugaad floor assumes lower-cost rail/general/sleeper travel, shared stays and local transport; fixed costs are separate when known."
dest_0194,Ananthagiri Hills,Telangana,India,India,Other,mountains|nature|slow,3-4,8.0,7000,Curated India destination; travel time and budget are planning estimates.,curated-planning-dataset,2026-09-30,False,"Travel time, budget and suitability are estimates for trip-planning; verify live routes, stays, weather and closures before booking.",,0,3150,7000,415,"Jugaad floor assumes lower-cost rail/general/sleeper travel, shared stays and local transport; fixed costs are separate when known."
dest_0195,Amritsar,Punjab,India,India,Other,food|history|slow,3-4,8.0,7000,Curated India destination; travel time and budget are planning estimates.,curated-planning-dataset,2026-09-30,False,"Travel time, budget and suitability are estimates for trip-planning; verify live routes, stays, weather and closures before booking.",,0,3150,7000,415,"Jugaad floor assumes lower-cost rail/general/sleeper travel, shared stays and local transport; fixed costs are separate when known."
dest_0196,Ludhiana,Punjab,India,India,Other,food|history|slow,3-4,8.0,7000,Curated India destination; travel time and budget are planning estimates.,curated-planning-dataset,2026-09-30,False,"Travel time, budget and suitability are estimates for trip-planning; verify live routes, stays, weather and closures before booking.",,0,3150,7000,415,"Jugaad floor assumes lower-cost rail/general/sleeper travel, shared stays and local transport; fixed costs are separate when known."
dest_0197,Patiala,Punjab,India,India,Other,food|history|slow,3-4,8.0,7000,Curated India destination; travel time and budget are planning estimates.,curated-planning-dataset,2026-09-30,False,"Travel time, budget and suitability are estimates for trip-planning; verify live routes, stays, weather and closures before booking.",,0,3150,7000,415,"Jugaad floor assumes lower-cost rail/general/sleeper travel, shared stays and local transport; fixed costs are separate when known."
dest_0198,Anandpur Sahib,Punjab,India,India,Other,food|history|slow,3-4,8.0,7000,Curated India destination; travel time and budget are planning estimates.,curated-planning-dataset,2026-09-30,False,"Travel time, budget and suitability are estimates for trip-planning; verify live routes, stays, weather and closures before booking.",,0,3150,7000,415,"Jugaad floor assumes lower-cost rail/general/sleeper travel, shared stays and local transport; fixed costs are separate when known."
dest_0199,Agra,Uttar Pradesh,India,India,Other,food|history|slow,3-4,8.0,7000,Curated India destination; travel time and budget are planning estimates.,curated-planning-dataset,2026-09-30,False,"Travel time, budget and suitability are estimates for trip-planning; verify live routes, stays, weather and closures before booking.",,0,3150,7000,415,"Jugaad floor assumes lower-cost rail/general/sleeper travel, shared stays and local transport; fixed costs are separate when known."
dest_0200,Varanasi,Uttar Pradesh,India,India,Other,food|history|slow,3-4,8.0,7000,Curated India destination; travel time and budget are planning estimates.,curated-planning-dataset,2026-09-30,False,"Travel time, budget and suitability are estimates for trip-planning; verify live routes, stays, weather and closures before booking.",,0,3150,7000,415,"Jugaad floor assumes lower-cost rail/general/sleeper travel, shared stays and local transport; fixed costs are separate when known."
dest_0201,Lucknow,Uttar Pradesh,India,India,Other,food|history|slow,3-4,8.0,7000,Curated India destination; travel time and budget are planning estimates.,curated-planning-dataset,2026-09-30,False,"Travel time, budget and suitability are estimates for trip-planning; verify live routes, stays, weather and closures before booking.",,0,3150,7000,415,"Jugaad floor assumes lower-cost rail/general/sleeper travel, shared stays and local transport; fixed costs are separate when known."
dest_0202,Mathura,Uttar Pradesh,India,India,Other,food|history|slow,3-4,8.0,7000,Curated India destination; travel time and budget are planning estimates.,curated-planning-dataset,2026-09-30,False,"Travel time, budget and suitability are estimates for trip-planning; verify live routes, stays, weather and closures before booking.",,0,3150,7000,415,"Jugaad floor assumes lower-cost rail/general/sleeper travel, shared stays and local transport; fixed costs are separate when known."
dest_0203,Vrindavan,Uttar Pradesh,India,India,Other,food|history|slow,3-4,8.0,7000,Curated India destination; travel time and budget are planning estimates.,curated-planning-dataset,2026-09-30,False,"Travel time, budget and suitability are estimates for trip-planning; verify live routes, stays, weather and closures before booking.",,0,3150,7000,415,"Jugaad floor assumes lower-cost rail/general/sleeper travel, shared stays and local transport; fixed costs are separate when known."
dest_0204,Prayagraj,Uttar Pradesh,India,India,Other,food|history|slow,3-4,8.0,7000,Curated India destination; travel time and budget are planning estimates.,curated-planning-dataset,2026-09-30,False,"Travel time, budget and suitability are estimates for trip-planning; verify live routes, stays, weather and closures before booking.",,0,3150,7000,415,"Jugaad floor assumes lower-cost rail/general/sleeper travel, shared stays and local transport; fixed costs are separate when known."
dest_0205,Ayodhya,Uttar Pradesh,India,India,Other,food|history|slow,3-4,8.0,7000,Curated India destination; travel time and budget are planning estimates.,curated-planning-dataset,2026-09-30,False,"Travel time, budget and suitability are estimates for trip-planning; verify live routes, stays, weather and closures before booking.",,0,3150,7000,415,"Jugaad floor assumes lower-cost rail/general/sleeper travel, shared stays and local transport; fixed costs are separate when known."
dest_0206,Patna,Bihar,India,India,Other,food|history|slow,3-4,8.0,7000,Curated India destination; travel time and budget are planning estimates.,curated-planning-dataset,2026-09-30,False,"Travel time, budget and suitability are estimates for trip-planning; verify live routes, stays, weather and closures before booking.",,0,3150,7000,415,"Jugaad floor assumes lower-cost rail/general/sleeper travel, shared stays and local transport; fixed costs are separate when known."
dest_0207,Bodh Gaya,Bihar,India,India,Other,food|history|slow,3-4,8.0,7000,Curated India destination; travel time and budget are planning estimates.,curated-planning-dataset,2026-09-30,False,"Travel time, budget and suitability are estimates for trip-planning; verify live routes, stays, weather and closures before booking.",,0,3150,7000,415,"Jugaad floor assumes lower-cost rail/general/sleeper travel, shared stays and local transport; fixed costs are separate when known."
dest_0208,Rajgir,Bihar,India,India,Other,nature|adventure|slow,3-4,8.0,7000,Curated India destination; travel time and budget are planning estimates.,curated-planning-dataset,2026-09-30,False,"Travel time, budget and suitability are estimates for trip-planning; verify live routes, stays, weather and closures before booking.",,0,3150,7000,415,"Jugaad floor assumes lower-cost rail/general/sleeper travel, shared stays and local transport; fixed costs are separate when known."
dest_0209,Nalanda,Bihar,India,India,Other,history|food|slow,3-4,8.0,7000,Curated India destination; travel time and budget are planning estimates.,curated-planning-dataset,2026-09-30,False,"Travel time, budget and suitability are estimates for trip-planning; verify live routes, stays, weather and closures before booking.",,0,3150,7000,415,"Jugaad floor assumes lower-cost rail/general/sleeper travel, shared stays and local transport; fixed costs are separate when known."
dest_0210,Ranchi,Jharkhand,India,India,Other,food|history|slow,3-4,8.0,7000,Curated India destination; travel time and budget are planning estimates.,curated-planning-dataset,2026-09-30,False,"Travel time, budget and suitability are estimates for trip-planning; verify live routes, stays, weather and closures before booking.",,0,3150,7000,415,"Jugaad floor assumes lower-cost rail/general/sleeper travel, shared stays and local transport; fixed costs are separate when known."
dest_0211,Jamshedpur,Jharkhand,India,India,Other,food|history|slow,3-4,8.0,7000,Curated India destination; travel time and budget are planning estimates.,curated-planning-dataset,2026-09-30,False,"Travel time, budget and suitability are estimates for trip-planning; verify live routes, stays, weather and closures before booking.",,0,3150,7000,415,"Jugaad floor assumes lower-cost rail/general/sleeper travel, shared stays and local transport; fixed costs are separate when known."
dest_0212,Netarhat,Jharkhand,India,India,Other,food|history|slow,3-4,8.0,7000,Curated India destination; travel time and budget are planning estimates.,curated-planning-dataset,2026-09-30,False,"Travel time, budget and suitability are estimates for trip-planning; verify live routes, stays, weather and closures before booking.",,0,3150,7000,415,"Jugaad floor assumes lower-cost rail/general/sleeper travel, shared stays and local transport; fixed costs are separate when known."
dest_0213,Betla,Jharkhand,India,India,Other,food|history|slow,3-4,8.0,7000,Curated India destination; travel time and budget are planning estimates.,curated-planning-dataset,2026-09-30,False,"Travel time, budget and suitability are estimates for trip-planning; verify live routes, stays, weather and closures before booking.",,0,3150,7000,415,"Jugaad floor assumes lower-cost rail/general/sleeper travel, shared stays and local transport; fixed costs are separate when known."
dest_0214,Raipur,Chhattisgarh,India,India,Other,food|history|slow,3-4,8.0,7000,Curated India destination; travel time and budget are planning estimates.,curated-planning-dataset,2026-09-30,False,"Travel time, budget and suitability are estimates for trip-planning; verify live routes, stays, weather and closures before booking.",,0,3150,7000,415,"Jugaad floor assumes lower-cost rail/general/sleeper travel, shared stays and local transport; fixed costs are separate when known."
dest_0215,Jagdalpur,Chhattisgarh,India,India,Other,food|history|slow,3-4,8.0,7000,Curated India destination; travel time and budget are planning estimates.,curated-planning-dataset,2026-09-30,False,"Travel time, budget and suitability are estimates for trip-planning; verify live routes, stays, weather and closures before booking.",,0,3150,7000,415,"Jugaad floor assumes lower-cost rail/general/sleeper travel, shared stays and local transport; fixed costs are separate when known."
dest_0216,Chitrakote,Chhattisgarh,India,India,Other,food|history|slow,3-4,8.0,7000,Curated India destination; travel time and budget are planning estimates.,curated-planning-dataset,2026-09-30,False,"Travel time, budget and suitability are estimates for trip-planning; verify live routes, stays, weather and closures before booking.",,0,3150,7000,415,"Jugaad floor assumes lower-cost rail/general/sleeper travel, shared stays and local transport; fixed costs are separate when known."
dest_0217,Kanger Valley,Chhattisgarh,India,India,Other,mountains|nature|slow,3-4,8.0,7000,Curated India destination; travel time and budget are planning estimates.,curated-planning-dataset,2026-09-30,False,"Travel time, budget and suitability are estimates for trip-planning; verify live routes, stays, weather and closures before booking.",,0,3150,7000,415,"Jugaad floor assumes lower-cost rail/general/sleeper travel, shared stays and local transport; fixed costs are separate when known."
dest_0218,Guwahati,Assam,India,India,Other,food|history|slow,3-4,8.0,7000,Curated India destination; travel time and budget are planning estimates.,curated-planning-dataset,2026-09-30,False,"Travel time, budget and suitability are estimates for trip-planning; verify live routes, stays, weather and closures before booking.",,0,3150,7000,415,"Jugaad floor assumes lower-cost rail/general/sleeper travel, shared stays and local transport; fixed costs are separate when known."
dest_0219,Kaziranga,Assam,India,India,Other,nature|adventure|slow,3-4,8.0,7000,Curated India destination; travel time and budget are planning estimates.,curated-planning-dataset,2026-09-30,False,"Travel time, budget and suitability are estimates for trip-planning; verify live routes, stays, weather and closures before booking.",,0,3150,7000,415,"Jugaad floor assumes lower-cost rail/general/sleeper travel, shared stays and local transport; fixed costs are separate when known."
dest_0220,Majuli,Assam,India,India,Other,food|history|slow,3-4,8.0,7000,Curated India destination; travel time and budget are planning estimates.,curated-planning-dataset,2026-09-30,False,"Travel time, budget and suitability are estimates for trip-planning; verify live routes, stays, weather and closures before booking.",,0,3150,7000,415,"Jugaad floor assumes lower-cost rail/general/sleeper travel, shared stays and local transport; fixed costs are separate when known."
dest_0221,Sivasagar,Assam,India,India,Other,food|history|slow,3-4,8.0,7000,Curated India destination; travel time and budget are planning estimates.,curated-planning-dataset,2026-09-30,False,"Travel time, budget and suitability are estimates for trip-planning; verify live routes, stays, weather and closures before booking.",,0,3150,7000,415,"Jugaad floor assumes lower-cost rail/general/sleeper travel, shared stays and local transport; fixed costs are separate when known."
dest_0222,Manas,Assam,India,India,Other,nature|adventure|slow,3-4,8.0,7000,Curated India destination; travel time and budget are planning estimates.,curated-planning-dataset,2026-09-30,False,"Travel time, budget and suitability are estimates for trip-planning; verify live routes, stays, weather and closures before booking.",,0,3150,7000,415,"Jugaad floor assumes lower-cost rail/general/sleeper travel, shared stays and local transport; fixed costs are separate when known."
dest_0223,Gangtok,Sikkim,India,India,Other,mountains|nature|slow,3-4,8.0,7000,Curated India destination; travel time and budget are planning estimates.,curated-planning-dataset,2026-09-30,False,"Travel time, budget and suitability are estimates for trip-planning; verify live routes, stays, weather and closures before booking.",,0,3150,7000,415,"Jugaad floor assumes lower-cost rail/general/sleeper travel, shared stays and local transport; fixed costs are separate when known."
dest_0224,Pelling,Sikkim,India,India,Other,food|history|slow,3-4,8.0,7000,Curated India destination; travel time and budget are planning estimates.,curated-planning-dataset,2026-09-30,False,"Travel time, budget and suitability are estimates for trip-planning; verify live routes, stays, weather and closures before booking.",,0,3150,7000,415,"Jugaad floor assumes lower-cost rail/general/sleeper travel, shared stays and local transport; fixed costs are separate when known."
dest_0225,Lachung,Sikkim,India,India,Other,food|history|slow,3-4,8.0,7000,Curated India destination; travel time and budget are planning estimates.,curated-planning-dataset,2026-09-30,False,"Travel time, budget and suitability are estimates for trip-planning; verify live routes, stays, weather and closures before booking.",,0,3150,7000,415,"Jugaad floor assumes lower-cost rail/general/sleeper travel, shared stays and local transport; fixed costs are separate when known."
dest_0226,Namchi,Sikkim,India,India,Other,food|history|slow,3-4,8.0,7000,Curated India destination; travel time and budget are planning estimates.,curated-planning-dataset,2026-09-30,False,"Travel time, budget and suitability are estimates for trip-planning; verify live routes, stays, weather and closures before booking.",,0,3150,7000,415,"Jugaad floor assumes lower-cost rail/general/sleeper travel, shared stays and local transport; fixed costs are separate when known."
dest_0227,Ravangla,Sikkim,India,India,Other,food|history|slow,3-4,8.0,7000,Curated India destination; travel time and budget are planning estimates.,curated-planning-dataset,2026-09-30,False,"Travel time, budget and suitability are estimates for trip-planning; verify live routes, stays, weather and closures before booking.",,0,3150,7000,415,"Jugaad floor assumes lower-cost rail/general/sleeper travel, shared stays and local transport; fixed costs are separate when known."
dest_0228,Tawang,Arunachal Pradesh,India,India,Other,mountains|nature|slow,3-4,8.0,7000,Curated India destination; travel time and budget are planning estimates.,curated-planning-dataset,2026-09-30,False,"Travel time, budget and suitability are estimates for trip-planning; verify live routes, stays, weather and closures before booking.",,0,3150,7000,415,"Jugaad floor assumes lower-cost rail/general/sleeper travel, shared stays and local transport; fixed costs are separate when known."
dest_0229,Ziro,Arunachal Pradesh,India,India,Other,food|history|slow,3-4,8.0,7000,Curated India destination; travel time and budget are planning estimates.,curated-planning-dataset,2026-09-30,False,"Travel time, budget and suitability are estimates for trip-planning; verify live routes, stays, weather and closures before booking.",,0,3150,7000,415,"Jugaad floor assumes lower-cost rail/general/sleeper travel, shared stays and local transport; fixed costs are separate when known."
dest_0230,Bomdila,Arunachal Pradesh,India,India,Other,food|history|slow,3-4,8.0,7000,Curated India destination; travel time and budget are planning estimates.,curated-planning-dataset,2026-09-30,False,"Travel time, budget and suitability are estimates for trip-planning; verify live routes, stays, weather and closures before booking.",,0,3150,7000,415,"Jugaad floor assumes lower-cost rail/general/sleeper travel, shared stays and local transport; fixed costs are separate when known."
dest_0231,Dirang,Arunachal Pradesh,India,India,Other,food|history|slow,3-4,8.0,7000,Curated India destination; travel time and budget are planning estimates.,curated-planning-dataset,2026-09-30,False,"Travel time, budget and suitability are estimates for trip-planning; verify live routes, stays, weather and closures before booking.",,0,3150,7000,415,"Jugaad floor assumes lower-cost rail/general/sleeper travel, shared stays and local transport; fixed costs are separate when known."
dest_0232,Shillong,Meghalaya,India,India,Other,mountains|nature|slow,3-4,8.0,7000,Curated India destination; travel time and budget are planning estimates.,curated-planning-dataset,2026-09-30,False,"Travel time, budget and suitability are estimates for trip-planning; verify live routes, stays, weather and closures before booking.",,0,3150,7000,415,"Jugaad floor assumes lower-cost rail/general/sleeper travel, shared stays and local transport; fixed costs are separate when known."
dest_0233,Cherrapunji,Meghalaya,India,India,Other,food|history|slow,3-4,8.0,7000,Curated India destination; travel time and budget are planning estimates.,curated-planning-dataset,2026-09-30,False,"Travel time, budget and suitability are estimates for trip-planning; verify live routes, stays, weather and closures before booking.",,0,3150,7000,415,"Jugaad floor assumes lower-cost rail/general/sleeper travel, shared stays and local transport; fixed costs are separate when known."
dest_0234,Mawlynnong,Meghalaya,India,India,Other,food|history|slow,3-4,8.0,7000,Curated India destination; travel time and budget are planning estimates.,curated-planning-dataset,2026-09-30,False,"Travel time, budget and suitability are estimates for trip-planning; verify live routes, stays, weather and closures before booking.",,0,3150,7000,415,"Jugaad floor assumes lower-cost rail/general/sleeper travel, shared stays and local transport; fixed costs are separate when known."
dest_0235,Dawki,Meghalaya,India,India,Other,food|history|slow,3-4,8.0,7000,Curated India destination; travel time and budget are planning estimates.,curated-planning-dataset,2026-09-30,False,"Travel time, budget and suitability are estimates for trip-planning; verify live routes, stays, weather and closures before booking.",,0,3150,7000,415,"Jugaad floor assumes lower-cost rail/general/sleeper travel, shared stays and local transport; fixed costs are separate when known."
dest_0236,Nongriat,Meghalaya,India,India,Other,food|history|slow,3-4,8.0,7000,Curated India destination; travel time and budget are planning estimates.,curated-planning-dataset,2026-09-30,False,"Travel time, budget and suitability are estimates for trip-planning; verify live routes, stays, weather and closures before booking.",,0,3150,7000,415,"Jugaad floor assumes lower-cost rail/general/sleeper travel, shared stays and local transport; fixed costs are separate when known."
dest_0237,Kohima,Nagaland,India,India,Other,food|history|slow,3-4,8.0,7000,Curated India destination; travel time and budget are planning estimates.,curated-planning-dataset,2026-09-30,False,"Travel time, budget and suitability are estimates for trip-planning; verify live routes, stays, weather and closures before booking.",,0,3150,7000,415,"Jugaad floor assumes lower-cost rail/general/sleeper travel, shared stays and local transport; fixed costs are separate when known."
dest_0238,Dzukou Valley,Nagaland,India,India,Other,mountains|nature|slow,3-4,8.0,7000,Curated India destination; travel time and budget are planning estimates.,curated-planning-dataset,2026-09-30,False,"Travel time, budget and suitability are estimates for trip-planning; verify live routes, stays, weather and closures before booking.",,0,3150,7000,415,"Jugaad floor assumes lower-cost rail/general/sleeper travel, shared stays and local transport; fixed costs are separate when known."
dest_0239,Agartala,Tripura,India,India,Other,food|history|slow,3-4,8.0,7000,Curated India destination; travel time and budget are planning estimates.,curated-planning-dataset,2026-09-30,False,"Travel time, budget and suitability are estimates for trip-planning; verify live routes, stays, weather and closures before booking.",,0,3150,7000,415,"Jugaad floor assumes lower-cost rail/general/sleeper travel, shared stays and local transport; fixed costs are separate when known."
dest_0240,Unakoti,Tripura,India,India,Other,food|history|slow,3-4,8.0,7000,Curated India destination; travel time and budget are planning estimates.,curated-planning-dataset,2026-09-30,False,"Travel time, budget and suitability are estimates for trip-planning; verify live routes, stays, weather and closures before booking.",,0,3150,7000,415,"Jugaad floor assumes lower-cost rail/general/sleeper travel, shared stays and local transport; fixed costs are separate when known."
dest_0241,Port Blair,Andaman and Nicobar Islands,India,India,Other,food|history|slow,3-4,8.0,7000,Curated India destination; travel time and budget are planning estimates.,curated-planning-dataset,2026-09-30,False,"Travel time, budget and suitability are estimates for trip-planning; verify live routes, stays, weather and closures before booking.",,0,3150,7000,415,"Jugaad floor assumes lower-cost rail/general/sleeper travel, shared stays and local transport; fixed costs are separate when known."
dest_0242,Havelock Island,Andaman and Nicobar Islands,India,India,Other,beach|slow|food,3-4,8.0,7000,Curated India destination; travel time and budget are planning estimates.,curated-planning-dataset,2026-09-30,False,"Travel time, budget and suitability are estimates for trip-planning; verify live routes, stays, weather and closures before booking.",,0,3150,7000,415,"Jugaad floor assumes lower-cost rail/general/sleeper travel, shared stays and local transport; fixed costs are separate when known."
dest_0243,Neil Island,Andaman and Nicobar Islands,India,India,Other,beach|slow|food,3-4,8.0,7000,Curated India destination; travel time and budget are planning estimates.,curated-planning-dataset,2026-09-30,False,"Travel time, budget and suitability are estimates for trip-planning; verify live routes, stays, weather and closures before booking.",,0,3150,7000,415,"Jugaad floor assumes lower-cost rail/general/sleeper travel, shared stays and local transport; fixed costs are separate when known."
dest_0244,Baratang,Andaman and Nicobar Islands,India,India,Other,food|history|slow,3-4,8.0,7000,Curated India destination; travel time and budget are planning estimates.,curated-planning-dataset,2026-09-30,False,"Travel time, budget and suitability are estimates for trip-planning; verify live routes, stays, weather and closures before booking.",,0,3150,7000,415,"Jugaad floor assumes lower-cost rail/general/sleeper travel, shared stays and local transport; fixed costs are separate when known."
dest_0245,Srinagar,Jammu and Kashmir,India,India,Other,food|history|slow,3-4,8.0,7000,Curated India destination; travel time and budget are planning estimates.,curated-planning-dataset,2026-09-30,False,"Travel time, budget and suitability are estimates for trip-planning; verify live routes, stays, weather and closures before booking.",,0,3150,7000,415,"Jugaad floor assumes lower-cost rail/general/sleeper travel, shared stays and local transport; fixed costs are separate when known."
dest_0246,Gulmarg,Jammu and Kashmir,India,India,Other,food|history|slow,3-4,8.0,7000,Curated India destination; travel time and budget are planning estimates.,curated-planning-dataset,2026-09-30,False,"Travel time, budget and suitability are estimates for trip-planning; verify live routes, stays, weather and closures before booking.",,0,3150,7000,415,"Jugaad floor assumes lower-cost rail/general/sleeper travel, shared stays and local transport; fixed costs are separate when known."
dest_0247,Pahalgam,Jammu and Kashmir,India,India,Other,food|history|slow,3-4,8.0,7000,Curated India destination; travel time and budget are planning estimates.,curated-planning-dataset,2026-09-30,False,"Travel time, budget and suitability are estimates for trip-planning; verify live routes, stays, weather and closures before booking.",,0,3150,7000,415,"Jugaad floor assumes lower-cost rail/general/sleeper travel, shared stays and local transport; fixed costs are separate when known."
dest_0248,Sonamarg,Jammu and Kashmir,India,India,Other,food|history|slow,3-4,8.0,7000,Curated India destination; travel time and budget are planning estimates.,curated-planning-dataset,2026-09-30,False,"Travel time, budget and suitability are estimates for trip-planning; verify live routes, stays, weather and closures before booking.",,0,3150,7000,415,"Jugaad floor assumes lower-cost rail/general/sleeper travel, shared stays and local transport; fixed costs are separate when known."
dest_0249,Nubra Valley,Ladakh,India,India,Other,mountains|nature|slow,3-4,8.0,7000,Curated India destination; travel time and budget are planning estimates.,curated-planning-dataset,2026-09-30,False,"Travel time, budget and suitability are estimates for trip-planning; verify live routes, stays, weather and closures before booking.",,0,3150,7000,415,"Jugaad floor assumes lower-cost rail/general/sleeper travel, shared stays and local transport; fixed costs are separate when known."
dest_0250,Pangong Lake,Ladakh,India,India,Other,food|history|slow,3-4,8.0,7000,Curated India destination; travel time and budget are planning estimates.,curated-planning-dataset,2026-09-30,False,"Travel time, budget and suitability are estimates for trip-planning; verify live routes, stays, weather and closures before booking.",,0,3150,7000,415,"Jugaad floor assumes lower-cost rail/general/sleeper travel, shared stays and local transport; fixed costs are separate when known."
dest_0251,Tso Moriri,Ladakh,India,India,Other,food|history|slow,3-4,8.0,7000,Curated India destination; travel time and budget are planning estimates.,curated-planning-dataset,2026-09-30,False,"Travel time, budget and suitability are estimates for trip-planning; verify live routes, stays, weather and closures before booking.",,0,3150,7000,415,"Jugaad floor assumes lower-cost rail/general/sleeper travel, shared stays and local transport; fixed costs are separate when known."
dest_0252,Akluj,Maharashtra,India,West,Nature,nature|slow,2-3,4.9,5500,"Akluj offers a mix of nature, slow experiences, making it a useful option for a group escape.",curated-from-tourism-sources,2026-09-30,True,"Planning estimate, not a live quote. Verify routes, permits, weather, opening hours and accommodation before booking.",https://maharashtratourism.gov.in/,0,2500,5500,255,"Jugaad floor assumes lower-cost rail/general/sleeper travel, shared stays and local transport; fixed costs are separate when known."
dest_0253,Amboli,Maharashtra,India,West,Nature,nature|slow,2-3,5.0,5500,"Amboli offers a mix of nature, slow experiences, making it a useful option for a group escape.",curated-from-tourism-sources,2026-09-30,True,"Planning estimate, not a live quote. Verify routes, permits, weather, opening hours and accommodation before booking.",https://maharashtratourism.gov.in/,0,2500,5500,260,"Jugaad floor assumes lower-cost rail/general/sleeper travel, shared stays and local transport; fixed costs are separate when known."
dest_0254,Amba,Maharashtra,India,West,Nature,nature|slow,2-3,3.8,4500,"Amba offers a mix of nature, slow experiences, making it a useful option for a group escape.",curated-from-tourism-sources,2026-09-30,True,"Planning estimate, not a live quote. Verify routes, permits, weather, opening hours and accommodation before booking.",https://maharashtratourism.gov.in/,0,2000,4500,200,"Jugaad floor assumes lower-cost rail/general/sleeper travel, shared stays and local transport; fixed costs are separate when known."
dest_0255,Gaganbawda,Maharashtra,India,West,Nature,nature|slow,2-3,3.1,6500,"Gaganbawda offers a mix of nature, slow experiences, making it a useful option for a group escape.",curated-from-tourism-sources,2026-09-30,True,"Planning estimate, not a live quote. Verify routes, permits, weather, opening hours and accommodation before booking.",https://maharashtratourism.gov.in/,0,2900,6500,160,"Jugaad floor assumes lower-cost rail/general/sleeper travel, shared stays and local transport; fixed costs are separate when known."
dest_0256,Bhor,Maharashtra,India,West,Nature,nature|slow,1-2,1.6,1800,"Bhor offers a mix of nature, slow experiences, making it a useful option for a group escape.",curated-from-tourism-sources,2026-09-30,True,"Planning estimate, not a live quote. Verify routes, permits, weather, opening hours and accommodation before booking.",https://maharashtratourism.gov.in/,0,800,1800,85,"Jugaad floor assumes lower-cost rail/general/sleeper travel, shared stays and local transport; fixed costs are separate when known."
dest_0257,Chiplun,Maharashtra,India,West,Nature,nature|slow,2-3,3.2,8000,"Chiplun offers a mix of nature, slow experiences, making it a useful option for a group escape.",curated-from-tourism-sources,2026-09-30,True,"Planning estimate, not a live quote. Verify routes, permits, weather, opening hours and accommodation before booking.",https://maharashtratourism.gov.in/,0,3600,8000,165,"Jugaad floor assumes lower-cost rail/general/sleeper travel, shared stays and local transport; fixed costs are separate when known."
dest_0258,Guhagar,Maharashtra,India,West,Coastal,beach,1-2,1.9,4500,"Guhagar offers a mix of beach experiences, making it a useful option for a group escape.",curated-from-tourism-sources,2026-09-30,True,"Planning estimate, not a live quote. Verify routes, permits, weather, opening hours and accommodation before booking.",https://maharashtratourism.gov.in/,0,2000,4500,100,"Jugaad floor assumes lower-cost rail/general/sleeper travel, shared stays and local transport; fixed costs are separate when known."
dest_0259,Jawhar,Maharashtra,India,West,Nature,nature|slow,1-2,0.2,2200,"Jawhar offers a mix of nature, slow experiences, making it a useful option for a group escape.",curated-from-tourism-sources,2026-09-30,True,"Planning estimate, not a live quote. Verify routes, permits, weather, opening hours and accommodation before booking.",https://maharashtratourism.gov.in/,0,1000,2200,10,"Jugaad floor assumes lower-cost rail/general/sleeper travel, shared stays and local transport; fixed costs are separate when known."
dest_0260,Kamshet,Maharashtra,India,West,Nature,nature|slow,1-2,2.0,2200,"Kamshet offers a mix of nature, slow experiences, making it a useful option for a group escape.",curated-from-tourism-sources,2026-09-30,True,"Planning estimate, not a live quote. Verify routes, permits, weather, opening hours and accommodation before booking.",https://maharashtratourism.gov.in/,0,1000,2200,105,"Jugaad floor assumes lower-cost rail/general/sleeper travel, shared stays and local transport; fixed costs are separate when known."
dest_0261,Koynanagar,Maharashtra,India,West,Nature,nature|slow,2-3,3.4,5500,"Koynanagar offers a mix of nature, slow experiences, making it a useful option for a group escape.",curated-from-tourism-sources,2026-09-30,True,"Planning estimate, not a live quote. Verify routes, permits, weather, opening hours and accommodation before booking.",https://maharashtratourism.gov.in/,0,2500,5500,175,"Jugaad floor assumes lower-cost rail/general/sleeper travel, shared stays and local transport; fixed costs are separate when known."
dest_0262,Kudal,Maharashtra,India,West,Nature,nature|slow,2-3,4.9,3500,"Kudal offers a mix of nature, slow experiences, making it a useful option for a group escape.",curated-from-tourism-sources,2026-09-30,True,"Planning estimate, not a live quote. Verify routes, permits, weather, opening hours and accommodation before booking.",https://maharashtratourism.gov.in/,0,1600,3500,255,"Jugaad floor assumes lower-cost rail/general/sleeper travel, shared stays and local transport; fixed costs are separate when known."
dest_0263,Malshej,Maharashtra,India,West,Nature,nature|slow,2-3,4.0,3500,"Malshej offers a mix of nature, slow experiences, making it a useful option for a group escape.",curated-from-tourism-sources,2026-09-30,True,"Planning estimate, not a live quote. Verify routes, permits, weather, opening hours and accommodation before booking.",https://maharashtratourism.gov.in/,0,1600,3500,210,"Jugaad floor assumes lower-cost rail/general/sleeper travel, shared stays and local transport; fixed costs are separate when known."
dest_0264,Mangaon,Maharashtra,India,West,Nature,nature|slow,1-2,2.8,2200,"Mangaon offers a mix of nature, slow experiences, making it a useful option for a group escape.",curated-from-tourism-sources,2026-09-30,True,"Planning estimate, not a live quote. Verify routes, permits, weather, opening hours and accommodation before booking.",https://maharashtratourism.gov.in/,0,1000,2200,145,"Jugaad floor assumes lower-cost rail/general/sleeper travel, shared stays and local transport; fixed costs are separate when known."
dest_0265,Nandur,Maharashtra,India,West,Nature,nature|slow,1-2,2.8,4500,"Nandur offers a mix of nature, slow experiences, making it a useful option for a group escape.",curated-from-tourism-sources,2026-09-30,True,"Planning estimate, not a live quote. Verify routes, permits, weather, opening hours and accommodation before booking.",https://maharashtratourism.gov.in/,0,2000,4500,145,"Jugaad floor assumes lower-cost rail/general/sleeper travel, shared stays and local transport; fixed costs are separate when known."
dest_0266,Madhameshwar,Maharashtra,India,West,Nature,nature|slow,2-3,4.2,8000,"Madhameshwar offers a mix of nature, slow experiences, making it a useful option for a group escape.",curated-from-tourism-sources,2026-09-30,True,"Planning estimate, not a live quote. Verify routes, permits, weather, opening hours and accommodation before booking.",https://maharashtratourism.gov.in/,0,3600,8000,220,"Jugaad floor assumes lower-cost rail/general/sleeper travel, shared stays and local transport; fixed costs are separate when known."
dest_0267,Naneghat,Maharashtra,India,West,Hill,mountains,2-3,4.4,5500,"Naneghat offers a mix of mountains experiences, making it a useful option for a group escape.",curated-from-tourism-sources,2026-09-30,True,"Planning estimate, not a live quote. Verify routes, permits, weather, opening hours and accommodation before booking.",https://maharashtratourism.gov.in/,0,2500,5500,230,"Jugaad floor assumes lower-cost rail/general/sleeper travel, shared stays and local transport; fixed costs are separate when known."
dest_0268,Narsobawadi,Maharashtra,India,West,Nature,nature|slow,1-2,2.3,2200,"Narsobawadi offers a mix of nature, slow experiences, making it a useful option for a group escape.",curated-from-tourism-sources,2026-09-30,True,"Planning estimate, not a live quote. Verify routes, permits, weather, opening hours and accommodation before booking.",https://maharashtratourism.gov.in/,0,1000,2200,120,"Jugaad floor assumes lower-cost rail/general/sleeper travel, shared stays and local transport; fixed costs are separate when known."
dest_0269,Panhala,Maharashtra,India,West,Nature,nature|slow,1-2,2.5,2800,"Panhala offers a mix of nature, slow experiences, making it a useful option for a group escape.",curated-from-tourism-sources,2026-09-30,True,"Planning estimate, not a live quote. Verify routes, permits, weather, opening hours and accommodation before booking.",https://maharashtratourism.gov.in/,0,1250,2800,130,"Jugaad floor assumes lower-cost rail/general/sleeper travel, shared stays and local transport; fixed costs are separate when known."
dest_0270,Phaltan,Maharashtra,India,West,Nature,nature|slow,1-2,1.2,4500,"Phaltan offers a mix of nature, slow experiences, making it a useful option for a group escape.",curated-from-tourism-sources,2026-09-30,True,"Planning estimate, not a live quote. Verify routes, permits, weather, opening hours and accommodation before booking.",https://maharashtratourism.gov.in/,0,2000,4500,60,"Jugaad floor assumes lower-cost rail/general/sleeper travel, shared stays and local transport; fixed costs are separate when known."
dest_0271,Poladpur,Maharashtra,India,West,Nature,nature|slow,1-2,1.2,2200,"Poladpur offers a mix of nature, slow experiences, making it a useful option for a group escape.",curated-from-tourism-sources,2026-09-30,True,"Planning estimate, not a live quote. Verify routes, permits, weather, opening hours and accommodation before booking.",https://maharashtratourism.gov.in/,0,1000,2200,60,"Jugaad floor assumes lower-cost rail/general/sleeper travel, shared stays and local transport; fixed costs are separate when known."
dest_0272,Pratapgad,Maharashtra,India,West,Nature,nature|slow,1-2,0.9,2800,"Pratapgad offers a mix of nature, slow experiences, making it a useful option for a group escape.",curated-from-tourism-sources,2026-09-30,True,"Planning estimate, not a live quote. Verify routes, permits, weather, opening hours and accommodation before booking.",https://maharashtratourism.gov.in/,0,1250,2800,45,"Jugaad floor assumes lower-cost rail/general/sleeper travel, shared stays and local transport; fixed costs are separate when known."
dest_0273,Purandar,Maharashtra,India,West,Nature,nature|slow,2-3,4.1,6500,"Purandar offers a mix of nature, slow experiences, making it a useful option for a group escape.",curated-from-tourism-sources,2026-09-30,True,"Planning estimate, not a live quote. Verify routes, permits, weather, opening hours and accommodation before booking.",https://maharashtratourism.gov.in/,0,2900,6500,215,"Jugaad floor assumes lower-cost rail/general/sleeper travel, shared stays and local transport; fixed costs are separate when known."
dest_0274,Rajapur,Maharashtra,India,West,Nature,nature|slow,1-2,0.4,2800,"Rajapur offers a mix of nature, slow experiences, making it a useful option for a group escape.",curated-from-tourism-sources,2026-09-30,True,"Planning estimate, not a live quote. Verify routes, permits, weather, opening hours and accommodation before booking.",https://maharashtratourism.gov.in/,0,1250,2800,20,"Jugaad floor assumes lower-cost rail/general/sleeper travel, shared stays and local transport; fixed costs are separate when known."
dest_0275,Ratanwadi,Maharashtra,India,West,Nature,nature|slow,2-3,4.4,6500,"Ratanwadi offers a mix of nature, slow experiences, making it a useful option for a group escape.",curated-from-tourism-sources,2026-09-30,True,"Planning estimate, not a live quote. Verify routes, permits, weather, opening hours and accommodation before booking.",https://maharashtratourism.gov.in/,0,2900,6500,230,"Jugaad floor assumes lower-cost rail/general/sleeper travel, shared stays and local transport; fixed costs are separate when known."
dest_0276,Raver,Maharashtra,India,West,Nature,nature|slow,1-2,1.2,4000,"Raver offers a mix of nature, slow experiences, making it a useful option for a group escape.",curated-from-tourism-sources,2026-09-30,True,"Planning estimate, not a live quote. Verify routes, permits, weather, opening hours and accommodation before booking.",https://maharashtratourism.gov.in/,0,1800,4000,60,"Jugaad floor assumes lower-cost rail/general/sleeper travel, shared stays and local transport; fixed costs are separate when known."
dest_0277,Raigad,Maharashtra,India,West,Nature,nature|slow,1-2,3.0,1800,"Raigad offers a mix of nature, slow experiences, making it a useful option for a group escape.",curated-from-tourism-sources,2026-09-30,True,"Planning estimate, not a live quote. Verify routes, permits, weather, opening hours and accommodation before booking.",https://maharashtratourism.gov.in/,0,800,1800,155,"Jugaad floor assumes lower-cost rail/general/sleeper travel, shared stays and local transport; fixed costs are separate when known."
dest_0278,Saswad,Maharashtra,India,West,Nature,nature|slow,1-2,0.9,1800,"Saswad offers a mix of nature, slow experiences, making it a useful option for a group escape.",curated-from-tourism-sources,2026-09-30,True,"Planning estimate, not a live quote. Verify routes, permits, weather, opening hours and accommodation before booking.",https://maharashtratourism.gov.in/,0,800,1800,45,"Jugaad floor assumes lower-cost rail/general/sleeper travel, shared stays and local transport; fixed costs are separate when known."
dest_0279,Sawantwadi,Maharashtra,India,West,Nature,nature|slow,2-3,3.2,8000,"Sawantwadi offers a mix of nature, slow experiences, making it a useful option for a group escape.",curated-from-tourism-sources,2026-09-30,True,"Planning estimate, not a live quote. Verify routes, permits, weather, opening hours and accommodation before booking.",https://maharashtratourism.gov.in/,0,3600,8000,165,"Jugaad floor assumes lower-cost rail/general/sleeper travel, shared stays and local transport; fixed costs are separate when known."
dest_0280,Shiroda,Maharashtra,India,West,Nature,nature|slow,1-2,2.8,3200,"Shiroda offers a mix of nature, slow experiences, making it a useful option for a group escape.",curated-from-tourism-sources,2026-09-30,True,"Planning estimate, not a live quote. Verify routes, permits, weather, opening hours and accommodation before booking.",https://maharashtratourism.gov.in/,0,1450,3200,145,"Jugaad floor assumes lower-cost rail/general/sleeper travel, shared stays and local transport; fixed costs are separate when known."
dest_0281,Shirdi,Maharashtra,India,West,Nature,nature|slow,2-3,4.2,6500,"Shirdi offers a mix of nature, slow experiences, making it a useful option for a group escape.",curated-from-tourism-sources,2026-09-30,True,"Planning estimate, not a live quote. Verify routes, permits, weather, opening hours and accommodation before booking.",https://maharashtratourism.gov.in/,0,2900,6500,220,"Jugaad floor assumes lower-cost rail/general/sleeper travel, shared stays and local transport; fixed costs are separate when known."
dest_0282,Shirgaon,Maharashtra,India,West,Nature,nature|slow,2-3,4.9,8000,"Shirgaon offers a mix of nature, slow experiences, making it a useful option for a group escape.",curated-from-tourism-sources,2026-09-30,True,"Planning estimate, not a live quote. Verify routes, permits, weather, opening hours and accommodation before booking.",https://maharashtratourism.gov.in/,0,3600,8000,255,"Jugaad floor assumes lower-cost rail/general/sleeper travel, shared stays and local transport; fixed costs are separate when known."
dest_0283,Tamhini,Maharashtra,India,West,Nature,nature|slow,2-3,3.9,3500,"Tamhini offers a mix of nature, slow experiences, making it a useful option for a group escape.",curated-from-tourism-sources,2026-09-30,True,"Planning estimate, not a live quote. Verify routes, permits, weather, opening hours and accommodation before booking.",https://maharashtratourism.gov.in/,0,1600,3500,205,"Jugaad floor assumes lower-cost rail/general/sleeper travel, shared stays and local transport; fixed costs are separate when known."
dest_0284,Wada,Maharashtra,India,West,Nature,nature|slow,1-2,2.5,3200,"Wada offers a mix of nature, slow experiences, making it a useful option for a group escape.",curated-from-tourism-sources,2026-09-30,True,"Planning estimate, not a live quote. Verify routes, permits, weather, opening hours and accommodation before booking.",https://maharashtratourism.gov.in/,0,1450,3200,130,"Jugaad floor assumes lower-cost rail/general/sleeper travel, shared stays and local transport; fixed costs are separate when known."
dest_0285,Wani,Maharashtra,India,West,Nature,nature|slow,1-2,0.2,4500,"Wani offers a mix of nature, slow experiences, making it a useful option for a group escape.",curated-from-tourism-sources,2026-09-30,True,"Planning estimate, not a live quote. Verify routes, permits, weather, opening hours and accommodation before booking.",https://maharashtratourism.gov.in/,0,2000,4500,10,"Jugaad floor assumes lower-cost rail/general/sleeper travel, shared stays and local transport; fixed costs are separate when known."
dest_0286,Wardha,Maharashtra,India,West,Nature,nature|slow,1-2,1.8,4500,"Wardha offers a mix of nature, slow experiences, making it a useful option for a group escape.",curated-from-tourism-sources,2026-09-30,True,"Planning estimate, not a live quote. Verify routes, permits, weather, opening hours and accommodation before booking.",https://maharashtratourism.gov.in/,0,2000,4500,95,"Jugaad floor assumes lower-cost rail/general/sleeper travel, shared stays and local transport; fixed costs are separate when known."
dest_0287,Washim,Maharashtra,India,West,Nature,nature|slow,1-2,2.3,3200,"Washim offers a mix of nature, slow experiences, making it a useful option for a group escape.",curated-from-tourism-sources,2026-09-30,True,"Planning estimate, not a live quote. Verify routes, permits, weather, opening hours and accommodation before booking.",https://maharashtratourism.gov.in/,0,1450,3200,120,"Jugaad floor assumes lower-cost rail/general/sleeper travel, shared stays and local transport; fixed costs are separate when known."
dest_0288,Yavatmal,Maharashtra,India,West,Nature,nature|slow,2-3,3.5,4500,"Yavatmal offers a mix of nature, slow experiences, making it a useful option for a group escape.",curated-from-tourism-sources,2026-09-30,True,"Planning estimate, not a live quote. Verify routes, permits, weather, opening hours and accommodation before booking.",https://maharashtratourism.gov.in/,0,2000,4500,180,"Jugaad floor assumes lower-cost rail/general/sleeper travel, shared stays and local transport; fixed costs are separate when known."
dest_0289,Chikhaldara,Maharashtra,India,West,Nature,nature|slow,1-2,2.6,4000,"Chikhaldara offers a mix of nature, slow experiences, making it a useful option for a group escape.",curated-from-tourism-sources,2026-09-30,True,"Planning estimate, not a live quote. Verify routes, permits, weather, opening hours and accommodation before booking.",https://maharashtratourism.gov.in/,0,1800,4000,135,"Jugaad floor assumes lower-cost rail/general/sleeper travel, shared stays and local transport; fixed costs are separate when known."
dest_0290,Pen,Maharashtra,India,West,Nature,nature|slow,1-2,3.0,1800,"Pen offers a mix of nature, slow experiences, making it a useful option for a group escape.",curated-from-tourism-sources,2026-09-30,True,"Planning estimate, not a live quote. Verify routes, permits, weather, opening hours and accommodation before booking.",https://maharashtratourism.gov.in/,0,800,1800,155,"Jugaad floor assumes lower-cost rail/general/sleeper travel, shared stays and local transport; fixed costs are separate when known."
dest_0291,Velas,Maharashtra,India,West,Nature,nature|slow,2-3,4.0,5500,"Velas offers a mix of nature, slow experiences, making it a useful option for a group escape.",curated-from-tourism-sources,2026-09-30,True,"Planning estimate, not a live quote. Verify routes, permits, weather, opening hours and accommodation before booking.",https://maharashtratourism.gov.in/,0,2500,5500,210,"Jugaad floor assumes lower-cost rail/general/sleeper travel, shared stays and local transport; fixed costs are separate when known."
dest_0292,Revdanda,Maharashtra,India,West,Nature,nature|slow,1-2,3.0,2200,"Revdanda offers a mix of nature, slow experiences, making it a useful option for a group escape.",curated-from-tourism-sources,2026-09-30,True,"Planning estimate, not a live quote. Verify routes, permits, weather, opening hours and accommodation before booking.",https://maharashtratourism.gov.in/,0,1000,2200,155,"Jugaad floor assumes lower-cost rail/general/sleeper travel, shared stays and local transport; fixed costs are separate when known."
dest_0293,Kihim,Maharashtra,India,West,Nature,nature|slow,1-2,3.0,4000,"Kihim offers a mix of nature, slow experiences, making it a useful option for a group escape.",curated-from-tourism-sources,2026-09-30,True,"Planning estimate, not a live quote. Verify routes, permits, weather, opening hours and accommodation before booking.",https://maharashtratourism.gov.in/,0,1800,4000,155,"Jugaad floor assumes lower-cost rail/general/sleeper travel, shared stays and local transport; fixed costs are separate when known."
dest_0294,Tungareshwar,Maharashtra,India,West,Nature,nature|slow,1-2,0.6,4500,"Tungareshwar offers a mix of nature, slow experiences, making it a useful option for a group escape.",curated-from-tourism-sources,2026-09-30,True,"Planning estimate, not a live quote. Verify routes, permits, weather, opening hours and accommodation before booking.",https://maharashtratourism.gov.in/,0,2000,4500,30,"Jugaad floor assumes lower-cost rail/general/sleeper travel, shared stays and local transport; fixed costs are separate when known."
dest_0295,Sagargad,Maharashtra,India,West,Nature,nature|slow,1-2,2.8,3200,"Sagargad offers a mix of nature, slow experiences, making it a useful option for a group escape.",curated-from-tourism-sources,2026-09-30,True,"Planning estimate, not a live quote. Verify routes, permits, weather, opening hours and accommodation before booking.",https://maharashtratourism.gov.in/,0,1450,3200,145,"Jugaad floor assumes lower-cost rail/general/sleeper travel, shared stays and local transport; fixed costs are separate when known."
dest_0296,Sudhagad,Maharashtra,India,West,Nature,nature|slow,1-2,1.6,4500,"Sudhagad offers a mix of nature, slow experiences, making it a useful option for a group escape.",curated-from-tourism-sources,2026-09-30,True,"Planning estimate, not a live quote. Verify routes, permits, weather, opening hours and accommodation before booking.",https://maharashtratourism.gov.in/,0,2000,4500,85,"Jugaad floor assumes lower-cost rail/general/sleeper travel, shared stays and local transport; fixed costs are separate when known."
dest_0297,Tikona,Maharashtra,India,West,Nature,nature|slow,1-2,1.7,1800,"Tikona offers a mix of nature, slow experiences, making it a useful option for a group escape.",curated-from-tourism-sources,2026-09-30,True,"Planning estimate, not a live quote. Verify routes, permits, weather, opening hours and accommodation before booking.",https://maharashtratourism.gov.in/,0,800,1800,90,"Jugaad floor assumes lower-cost rail/general/sleeper travel, shared stays and local transport; fixed costs are separate when known."
dest_0298,Torna,Maharashtra,India,West,Nature,nature|slow,2-3,4.0,4500,"Torna offers a mix of nature, slow experiences, making it a useful option for a group escape.",curated-from-tourism-sources,2026-09-30,True,"Planning estimate, not a live quote. Verify routes, permits, weather, opening hours and accommodation before booking.",https://maharashtratourism.gov.in/,0,2000,4500,210,"Jugaad floor assumes lower-cost rail/general/sleeper travel, shared stays and local transport; fixed costs are separate when known."
dest_0299,Sinhagad,Maharashtra,India,West,Nature,nature|slow,1-2,1.2,4500,"Sinhagad offers a mix of nature, slow experiences, making it a useful option for a group escape.",curated-from-tourism-sources,2026-09-30,True,"Planning estimate, not a live quote. Verify routes, permits, weather, opening hours and accommodation before booking.",https://maharashtratourism.gov.in/,0,2000,4500,60,"Jugaad floor assumes lower-cost rail/general/sleeper travel, shared stays and local transport; fixed costs are separate when known."
dest_0300,Ratangad,Maharashtra,India,West,Nature,nature|slow,1-2,1.2,4500,"Ratangad offers a mix of nature, slow experiences, making it a useful option for a group escape.",curated-from-tourism-sources,2026-09-30,True,"Planning estimate, not a live quote. Verify routes, permits, weather, opening hours and accommodation before booking.",https://maharashtratourism.gov.in/,0,2000,4500,60,"Jugaad floor assumes lower-cost rail/general/sleeper travel, shared stays and local transport; fixed costs are separate when known."
dest_0301,Sandhan,Maharashtra,India,West,Adventure,adventure,1-2,2.4,2200,"Sandhan offers a mix of adventure experiences, making it a useful option for a group escape.",curated-from-tourism-sources,2026-09-30,True,"Planning estimate, not a live quote. Verify routes, permits, weather, opening hours and accommodation before booking.",https://maharashtratourism.gov.in/,0,1000,2200,125,"Jugaad floor assumes lower-cost rail/general/sleeper travel, shared stays and local transport; fixed costs are separate when known."
dest_0302,Valley,Maharashtra,India,West,Adventure,mountains|adventure|nature,1-2,0.1,4500,"Valley offers a mix of mountains, adventure, nature experiences, making it a useful option for a group escape.",curated-from-tourism-sources,2026-09-30,True,"Planning estimate, not a live quote. Verify routes, permits, weather, opening hours and accommodation before booking.",https://maharashtratourism.gov.in/,0,2000,4500,5,"Jugaad floor assumes lower-cost rail/general/sleeper travel, shared stays and local transport; fixed costs are separate when known."
dest_0303,Prabalgad,Maharashtra,India,West,Nature,nature|slow,1-2,2.5,3200,"Prabalgad offers a mix of nature, slow experiences, making it a useful option for a group escape.",curated-from-tourism-sources,2026-09-30,True,"Planning estimate, not a live quote. Verify routes, permits, weather, opening hours and accommodation before booking.",https://maharashtratourism.gov.in/,0,1450,3200,130,"Jugaad floor assumes lower-cost rail/general/sleeper travel, shared stays and local transport; fixed costs are separate when known."
dest_0304,Kalavantin,Maharashtra,India,West,Nature,nature|slow,1-2,2.7,1800,"Kalavantin offers a mix of nature, slow experiences, making it a useful option for a group escape.",curated-from-tourism-sources,2026-09-30,True,"Planning estimate, not a live quote. Verify routes, permits, weather, opening hours and accommodation before booking.",https://maharashtratourism.gov.in/,0,800,1800,140,"Jugaad floor assumes lower-cost rail/general/sleeper travel, shared stays and local transport; fixed costs are separate when known."
dest_0305,Durg,Maharashtra,India,West,Nature,nature|slow,1-2,1.0,4000,"Durg offers a mix of nature, slow experiences, making it a useful option for a group escape.",curated-from-tourism-sources,2026-09-30,True,"Planning estimate, not a live quote. Verify routes, permits, weather, opening hours and accommodation before booking.",https://maharashtratourism.gov.in/,0,1800,4000,50,"Jugaad floor assumes lower-cost rail/general/sleeper travel, shared stays and local transport; fixed costs are separate when known."
dest_0306,Shivneri,Maharashtra,India,West,Nature,nature|slow,2-3,4.0,5500,"Shivneri offers a mix of nature, slow experiences, making it a useful option for a group escape.",curated-from-tourism-sources,2026-09-30,True,"Planning estimate, not a live quote. Verify routes, permits, weather, opening hours and accommodation before booking.",https://maharashtratourism.gov.in/,0,2500,5500,210,"Jugaad floor assumes lower-cost rail/general/sleeper travel, shared stays and local transport; fixed costs are separate when known."
dest_0307,Vijaydurg,Maharashtra,India,West,Nature,nature|slow,2-3,4.3,8000,"Vijaydurg offers a mix of nature, slow experiences, making it a useful option for a group escape.",curated-from-tourism-sources,2026-09-30,True,"Planning estimate, not a live quote. Verify routes, permits, weather, opening hours and accommodation before booking.",https://maharashtratourism.gov.in/,0,3600,8000,225,"Jugaad floor assumes lower-cost rail/general/sleeper travel, shared stays and local transport; fixed costs are separate when known."
dest_0308,Suvarnadurg,Maharashtra,India,West,Nature,nature|slow,1-2,2.0,4500,"Suvarnadurg offers a mix of nature, slow experiences, making it a useful option for a group escape.",curated-from-tourism-sources,2026-09-30,True,"Planning estimate, not a live quote. Verify routes, permits, weather, opening hours and accommodation before booking.",https://maharashtratourism.gov.in/,0,2000,4500,105,"Jugaad floor assumes lower-cost rail/general/sleeper travel, shared stays and local transport; fixed costs are separate when known."
dest_0309,Salher,Maharashtra,India,West,Nature,nature|slow,1-2,3.0,2800,"Salher offers a mix of nature, slow experiences, making it a useful option for a group escape.",curated-from-tourism-sources,2026-09-30,True,"Planning estimate, not a live quote. Verify routes, permits, weather, opening hours and accommodation before booking.",https://maharashtratourism.gov.in/,0,1250,2800,155,"Jugaad floor assumes lower-cost rail/general/sleeper travel, shared stays and local transport; fixed costs are separate when known."
dest_0310,Salota,Maharashtra,India,West,Nature,nature|slow,1-2,0.9,4000,"Salota offers a mix of nature, slow experiences, making it a useful option for a group escape.",curated-from-tourism-sources,2026-09-30,True,"Planning estimate, not a live quote. Verify routes, permits, weather, opening hours and accommodation before booking.",https://maharashtratourism.gov.in/,0,1800,4000,45,"Jugaad floor assumes lower-cost rail/general/sleeper travel, shared stays and local transport; fixed costs are separate when known."
dest_0311,Mulher,Maharashtra,India,West,Nature,nature|slow,1-2,0.2,3200,"Mulher offers a mix of nature, slow experiences, making it a useful option for a group escape.",curated-from-tourism-sources,2026-09-30,True,"Planning estimate, not a live quote. Verify routes, permits, weather, opening hours and accommodation before booking.",https://maharashtratourism.gov.in/,0,1450,3200,10,"Jugaad floor assumes lower-cost rail/general/sleeper travel, shared stays and local transport; fixed costs are separate when known."
dest_0312,Rangana,Maharashtra,India,West,Nature,nature|slow,1-2,1.7,4000,"Rangana offers a mix of nature, slow experiences, making it a useful option for a group escape.",curated-from-tourism-sources,2026-09-30,True,"Planning estimate, not a live quote. Verify routes, permits, weather, opening hours and accommodation before booking.",https://maharashtratourism.gov.in/,0,1800,4000,90,"Jugaad floor assumes lower-cost rail/general/sleeper travel, shared stays and local transport; fixed costs are separate when known."
dest_0313,Vishramgad,Maharashtra,India,West,Nature,nature|slow,1-2,1.8,3200,"Vishramgad offers a mix of nature, slow experiences, making it a useful option for a group escape.",curated-from-tourism-sources,2026-09-30,True,"Planning estimate, not a live quote. Verify routes, permits, weather, opening hours and accommodation before booking.",https://maharashtratourism.gov.in/,0,1450,3200,95,"Jugaad floor assumes lower-cost rail/general/sleeper travel, shared stays and local transport; fixed costs are separate when known."
dest_0314,Madhmeshwar,Maharashtra,India,West,Nature,nature|slow,1-2,1.6,4000,"Madhmeshwar offers a mix of nature, slow experiences, making it a useful option for a group escape.",curated-from-tourism-sources,2026-09-30,True,"Planning estimate, not a live quote. Verify routes, permits, weather, opening hours and accommodation before booking.",https://maharashtratourism.gov.in/,0,1800,4000,85,"Jugaad floor assumes lower-cost rail/general/sleeper travel, shared stays and local transport; fixed costs are separate when known."
dest_0315,Bird,Maharashtra,India,West,Adventure,adventure,2-3,4.0,8000,"Bird offers a mix of adventure experiences, making it a useful option for a group escape.",curated-from-tourism-sources,2026-09-30,True,"Planning estimate, not a live quote. Verify routes, permits, weather, opening hours and accommodation before booking.",https://maharashtratourism.gov.in/,0,3600,8000,210,"Jugaad floor assumes lower-cost rail/general/sleeper travel, shared stays and local transport; fixed costs are separate when known."
dest_0316,Sanctuary,Maharashtra,India,West,Nature,nature,2-3,5.0,3500,"Sanctuary offers a mix of nature experiences, making it a useful option for a group escape.",curated-from-tourism-sources,2026-09-30,True,"Planning estimate, not a live quote. Verify routes, permits, weather, opening hours and accommodation before booking.",https://maharashtratourism.gov.in/,0,1600,3500,260,"Jugaad floor assumes lower-cost rail/general/sleeper travel, shared stays and local transport; fixed costs are separate when known."
dest_0317,Saligao,Goa,India,West,Nature,nature|slow,3-4,10.7,7500,"Saligao offers a mix of nature, slow experiences, making it a useful option for a group escape.",curated-from-tourism-sources,2026-09-30,True,"Planning estimate, not a live quote. Verify routes, permits, weather, opening hours and accommodation before booking.",https://goatourism.gov.in/,0,3400,7500,555,"Jugaad floor assumes lower-cost rail/general/sleeper travel, shared stays and local transport; fixed costs are separate when known."
dest_0318,Assagao,Goa,India,West,Nature,nature|slow,3-4,8.7,9000,"Assagao offers a mix of nature, slow experiences, making it a useful option for a group escape.",curated-from-tourism-sources,2026-09-30,True,"Planning estimate, not a live quote. Verify routes, permits, weather, opening hours and accommodation before booking.",https://goatourism.gov.in/,0,4050,9000,450,"Jugaad floor assumes lower-cost rail/general/sleeper travel, shared stays and local transport; fixed costs are separate when known."
dest_0319,Parra,Goa,India,West,Nature,nature|slow,3-4,10.9,7500,"Parra offers a mix of nature, slow experiences, making it a useful option for a group escape.",curated-from-tourism-sources,2026-09-30,True,"Planning estimate, not a live quote. Verify routes, permits, weather, opening hours and accommodation before booking.",https://goatourism.gov.in/,0,3400,7500,565,"Jugaad floor assumes lower-cost rail/general/sleeper travel, shared stays and local transport; fixed costs are separate when known."
dest_0320,Cortalim,Goa,India,West,Nature,nature|slow,3-4,9.9,9000,"Cortalim offers a mix of nature, slow experiences, making it a useful option for a group escape.",curated-from-tourism-sources,2026-09-30,True,"Planning estimate, not a live quote. Verify routes, permits, weather, opening hours and accommodation before booking.",https://goatourism.gov.in/,0,4050,9000,515,"Jugaad floor assumes lower-cost rail/general/sleeper travel, shared stays and local transport; fixed costs are separate when known."
dest_0321,Aldona,Goa,India,West,Nature,nature|slow,3-4,8.4,11000,"Aldona offers a mix of nature, slow experiences, making it a useful option for a group escape.",curated-from-tourism-sources,2026-09-30,True,"Planning estimate, not a live quote. Verify routes, permits, weather, opening hours and accommodation before booking.",https://goatourism.gov.in/,0,4950,11000,435,"Jugaad floor assumes lower-cost rail/general/sleeper travel, shared stays and local transport; fixed costs are separate when known."
dest_0322,Navelim,Goa,India,West,Nature,nature|slow,3-4,8.0,11000,"Navelim offers a mix of nature, slow experiences, making it a useful option for a group escape.",curated-from-tourism-sources,2026-09-30,True,"Planning estimate, not a live quote. Verify routes, permits, weather, opening hours and accommodation before booking.",https://goatourism.gov.in/,0,4950,11000,415,"Jugaad floor assumes lower-cost rail/general/sleeper travel, shared stays and local transport; fixed costs are separate when known."
dest_0323,Girnar,Gujarat,India,West,Nature,nature|slow,3-4,8.7,13000,"Girnar offers a mix of nature, slow experiences, making it a useful option for a group escape.",curated-from-tourism-sources,2026-09-30,True,"Planning estimate, not a live quote. Verify routes, permits, weather, opening hours and accommodation before booking.",https://www.gujarattourism.com/,0,5850,13000,450,"Jugaad floor assumes lower-cost rail/general/sleeper travel, shared stays and local transport; fixed costs are separate when known."
dest_0324,Polo,Gujarat,India,West,Nature,nature|slow,2-3,6.2,5500,"Polo offers a mix of nature, slow experiences, making it a useful option for a group escape.",curated-from-tourism-sources,2026-09-30,True,"Planning estimate, not a live quote. Verify routes, permits, weather, opening hours and accommodation before booking.",https://www.gujarattourism.com/,0,2500,5500,320,"Jugaad floor assumes lower-cost rail/general/sleeper travel, shared stays and local transport; fixed costs are separate when known."
dest_0325,Forest,Gujarat,India,West,Nature,nature,2-3,6.1,8000,"Forest offers a mix of nature experiences, making it a useful option for a group escape.",curated-from-tourism-sources,2026-09-30,True,"Planning estimate, not a live quote. Verify routes, permits, weather, opening hours and accommodation before booking.",https://www.gujarattourism.com/,0,3600,8000,315,"Jugaad floor assumes lower-cost rail/general/sleeper travel, shared stays and local transport; fixed costs are separate when known."
dest_0326,Patan,Gujarat,India,West,Nature,nature|slow,2-3,5.9,8000,"Patan offers a mix of nature, slow experiences, making it a useful option for a group escape.",curated-from-tourism-sources,2026-09-30,True,"Planning estimate, not a live quote. Verify routes, permits, weather, opening hours and accommodation before booking.",https://www.gujarattourism.com/,0,3600,8000,305,"Jugaad floor assumes lower-cost rail/general/sleeper travel, shared stays and local transport; fixed costs are separate when known."
dest_0327,Dholavira,Gujarat,India,West,Nature,nature|slow,3-4,8.6,13000,"Dholavira offers a mix of nature, slow experiences, making it a useful option for a group escape.",curated-from-tourism-sources,2026-09-30,True,"Planning estimate, not a live quote. Verify routes, permits, weather, opening hours and accommodation before booking.",https://www.gujarattourism.com/,0,5850,13000,445,"Jugaad floor assumes lower-cost rail/general/sleeper travel, shared stays and local transport; fixed costs are separate when known."
dest_0328,Lothal,Gujarat,India,West,Nature,nature|slow,2-3,5.8,4500,"Lothal offers a mix of nature, slow experiences, making it a useful option for a group escape.",curated-from-tourism-sources,2026-09-30,True,"Planning estimate, not a live quote. Verify routes, permits, weather, opening hours and accommodation before booking.",https://www.gujarattourism.com/,0,2000,4500,300,"Jugaad floor assumes lower-cost rail/general/sleeper travel, shared stays and local transport; fixed costs are separate when known."
dest_0329,Pavagadh,Gujarat,India,West,Nature,nature|slow,3-4,7.5,13000,"Pavagadh offers a mix of nature, slow experiences, making it a useful option for a group escape.",curated-from-tourism-sources,2026-09-30,True,"Planning estimate, not a live quote. Verify routes, permits, weather, opening hours and accommodation before booking.",https://www.gujarattourism.com/,0,5850,13000,390,"Jugaad floor assumes lower-cost rail/general/sleeper travel, shared stays and local transport; fixed costs are separate when known."
dest_0330,Palitana,Gujarat,India,West,Nature,nature|slow,3-4,7.5,11000,"Palitana offers a mix of nature, slow experiences, making it a useful option for a group escape.",curated-from-tourism-sources,2026-09-30,True,"Planning estimate, not a live quote. Verify routes, permits, weather, opening hours and accommodation before booking.",https://www.gujarattourism.com/,0,4950,11000,390,"Jugaad floor assumes lower-cost rail/general/sleeper travel, shared stays and local transport; fixed costs are separate when known."
dest_0331,Rajkot,Gujarat,India,West,Nature,nature|slow,3-4,8.2,7500,"Rajkot offers a mix of nature, slow experiences, making it a useful option for a group escape.",curated-from-tourism-sources,2026-09-30,True,"Planning estimate, not a live quote. Verify routes, permits, weather, opening hours and accommodation before booking.",https://www.gujarattourism.com/,0,3400,7500,425,"Jugaad floor assumes lower-cost rail/general/sleeper travel, shared stays and local transport; fixed costs are separate when known."
dest_0332,Jamnagar,Gujarat,India,West,Nature,nature|slow,3-4,10.4,13000,"Jamnagar offers a mix of nature, slow experiences, making it a useful option for a group escape.",curated-from-tourism-sources,2026-09-30,True,"Planning estimate, not a live quote. Verify routes, permits, weather, opening hours and accommodation before booking.",https://www.gujarattourism.com/,0,5850,13000,540,"Jugaad floor assumes lower-cost rail/general/sleeper travel, shared stays and local transport; fixed costs are separate when known."
dest_0333,Porbandar,Gujarat,India,West,Nature,nature|slow,3-4,10.3,11000,"Porbandar offers a mix of nature, slow experiences, making it a useful option for a group escape.",curated-from-tourism-sources,2026-09-30,True,"Planning estimate, not a live quote. Verify routes, permits, weather, opening hours and accommodation before booking.",https://www.gujarattourism.com/,0,4950,11000,535,"Jugaad floor assumes lower-cost rail/general/sleeper travel, shared stays and local transport; fixed costs are separate when known."
dest_0334,Morbi,Gujarat,India,West,Nature,nature|slow,3-4,7.3,9000,"Morbi offers a mix of nature, slow experiences, making it a useful option for a group escape.",curated-from-tourism-sources,2026-09-30,True,"Planning estimate, not a live quote. Verify routes, permits, weather, opening hours and accommodation before booking.",https://www.gujarattourism.com/,0,4050,9000,380,"Jugaad floor assumes lower-cost rail/general/sleeper travel, shared stays and local transport; fixed costs are separate when known."
dest_0335,Gondal,Gujarat,India,West,Nature,nature|slow,3-4,8.1,6000,"Gondal offers a mix of nature, slow experiences, making it a useful option for a group escape.",curated-from-tourism-sources,2026-09-30,True,"Planning estimate, not a live quote. Verify routes, permits, weather, opening hours and accommodation before booking.",https://www.gujarattourism.com/,0,2700,6000,420,"Jugaad floor assumes lower-cost rail/general/sleeper travel, shared stays and local transport; fixed costs are separate when known."
dest_0336,Wankaner,Gujarat,India,West,Nature,nature|slow,3-4,7.1,9000,"Wankaner offers a mix of nature, slow experiences, making it a useful option for a group escape.",curated-from-tourism-sources,2026-09-30,True,"Planning estimate, not a live quote. Verify routes, permits, weather, opening hours and accommodation before booking.",https://www.gujarattourism.com/,0,4050,9000,370,"Jugaad floor assumes lower-cost rail/general/sleeper travel, shared stays and local transport; fixed costs are separate when known."
dest_0337,Little,Gujarat,India,West,Nature,nature|slow,2-3,6.4,4500,"Little offers a mix of nature, slow experiences, making it a useful option for a group escape.",curated-from-tourism-sources,2026-09-30,True,"Planning estimate, not a live quote. Verify routes, permits, weather, opening hours and accommodation before booking.",https://www.gujarattourism.com/,0,2000,4500,335,"Jugaad floor assumes lower-cost rail/general/sleeper travel, shared stays and local transport; fixed costs are separate when known."
dest_0338,Rann,Gujarat,India,West,Nature,nature|slow,2-3,7.0,8000,"Rann offers a mix of nature, slow experiences, making it a useful option for a group escape.",curated-from-tourism-sources,2026-09-30,True,"Planning estimate, not a live quote. Verify routes, permits, weather, opening hours and accommodation before booking.",https://www.gujarattourism.com/,0,3600,8000,365,"Jugaad floor assumes lower-cost rail/general/sleeper travel, shared stays and local transport; fixed costs are separate when known."
dest_0339,of,Gujarat,India,West,Nature,nature|slow,3-4,10.2,7500,"of offers a mix of nature, slow experiences, making it a useful option for a group escape.",curated-from-tourism-sources,2026-09-30,True,"Planning estimate, not a live quote. Verify routes, permits, weather, opening hours and accommodation before booking.",https://www.gujarattourism.com/,0,3400,7500,530,"Jugaad floor assumes lower-cost rail/general/sleeper travel, shared stays and local transport; fixed costs are separate when known."
dest_0340,Great,Gujarat,India,West,Nature,nature|slow,3-4,10.2,11000,"Great offers a mix of nature, slow experiences, making it a useful option for a group escape.",curated-from-tourism-sources,2026-09-30,True,"Planning estimate, not a live quote. Verify routes, permits, weather, opening hours and accommodation before booking.",https://www.gujarattourism.com/,0,4950,11000,530,"Jugaad floor assumes lower-cost rail/general/sleeper travel, shared stays and local transport; fixed costs are separate when known."
dest_0341,Narara,Gujarat,India,West,Nature,nature|slow,3-4,8.5,9000,"Narara offers a mix of nature, slow experiences, making it a useful option for a group escape.",curated-from-tourism-sources,2026-09-30,True,"Planning estimate, not a live quote. Verify routes, permits, weather, opening hours and accommodation before booking.",https://www.gujarattourism.com/,0,4050,9000,440,"Jugaad floor assumes lower-cost rail/general/sleeper travel, shared stays and local transport; fixed costs are separate when known."
dest_0342,Marine,Gujarat,India,West,Nature,nature|slow,2-3,6.9,6500,"Marine offers a mix of nature, slow experiences, making it a useful option for a group escape.",curated-from-tourism-sources,2026-09-30,True,"Planning estimate, not a live quote. Verify routes, permits, weather, opening hours and accommodation before booking.",https://www.gujarattourism.com/,0,2900,6500,360,"Jugaad floor assumes lower-cost rail/general/sleeper travel, shared stays and local transport; fixed costs are separate when known."
dest_0343,National,Gujarat,India,West,Nature,nature|slow,2-3,6.8,6500,"National offers a mix of nature, slow experiences, making it a useful option for a group escape.",curated-from-tourism-sources,2026-09-30,True,"Planning estimate, not a live quote. Verify routes, permits, weather, opening hours and accommodation before booking.",https://www.gujarattourism.com/,0,2900,6500,355,"Jugaad floor assumes lower-cost rail/general/sleeper travel, shared stays and local transport; fixed costs are separate when known."
dest_0344,Park,Gujarat,India,West,Nature,nature|slow,3-4,10.3,7500,"Park offers a mix of nature, slow experiences, making it a useful option for a group escape.",curated-from-tourism-sources,2026-09-30,True,"Planning estimate, not a live quote. Verify routes, permits, weather, opening hours and accommodation before booking.",https://www.gujarattourism.com/,0,3400,7500,535,"Jugaad floor assumes lower-cost rail/general/sleeper travel, shared stays and local transport; fixed costs are separate when known."
dest_0345,Shivrajpur,Gujarat,India,West,Nature,nature|slow,2-3,5.9,5500,"Shivrajpur offers a mix of nature, slow experiences, making it a useful option for a group escape.",curated-from-tourism-sources,2026-09-30,True,"Planning estimate, not a live quote. Verify routes, permits, weather, opening hours and accommodation before booking.",https://www.gujarattourism.com/,0,2500,5500,305,"Jugaad floor assumes lower-cost rail/general/sleeper travel, shared stays and local transport; fixed costs are separate when known."
dest_0346,Beach,Gujarat,India,West,Coastal,beach,2-3,5.5,3500,"Beach offers a mix of beach experiences, making it a useful option for a group escape.",curated-from-tourism-sources,2026-09-30,True,"Planning estimate, not a live quote. Verify routes, permits, weather, opening hours and accommodation before booking.",https://www.gujarattourism.com/,0,1600,3500,285,"Jugaad floor assumes lower-cost rail/general/sleeper travel, shared stays and local transport; fixed costs are separate when known."
dest_0347,Tithal,Gujarat,India,West,Nature,nature|slow,3-4,9.6,6000,"Tithal offers a mix of nature, slow experiences, making it a useful option for a group escape.",curated-from-tourism-sources,2026-09-30,True,"Planning estimate, not a live quote. Verify routes, permits, weather, opening hours and accommodation before booking.",https://www.gujarattourism.com/,0,2700,6000,500,"Jugaad floor assumes lower-cost rail/general/sleeper travel, shared stays and local transport; fixed costs are separate when known."
dest_0348,Heritage,Gujarat,India,West,Heritage,history|culture,3-4,8.9,6000,"Heritage offers a mix of history, culture experiences, making it a useful option for a group escape.",curated-from-tourism-sources,2026-09-30,True,"Planning estimate, not a live quote. Verify routes, permits, weather, opening hours and accommodation before booking.",https://www.gujarattourism.com/,0,2700,6000,465,"Jugaad floor assumes lower-cost rail/general/sleeper travel, shared stays and local transport; fixed costs are separate when known."
dest_0349,City,Gujarat,India,West,Nature,nature|slow,3-4,7.7,13000,"City offers a mix of nature, slow experiences, making it a useful option for a group escape.",curated-from-tourism-sources,2026-09-30,True,"Planning estimate, not a live quote. Verify routes, permits, weather, opening hours and accommodation before booking.",https://www.gujarattourism.com/,0,5850,13000,400,"Jugaad floor assumes lower-cost rail/general/sleeper travel, shared stays and local transport; fixed costs are separate when known."
dest_0350,Statue,Gujarat,India,West,Nature,nature|slow,2-3,6.9,5500,"Statue offers a mix of nature, slow experiences, making it a useful option for a group escape.",curated-from-tourism-sources,2026-09-30,True,"Planning estimate, not a live quote. Verify routes, permits, weather, opening hours and accommodation before booking.",https://www.gujarattourism.com/,0,2500,5500,360,"Jugaad floor assumes lower-cost rail/general/sleeper travel, shared stays and local transport; fixed costs are separate when known."
dest_0351,Unity,Gujarat,India,West,Nature,nature|slow,3-4,7.1,6000,"Unity offers a mix of nature, slow experiences, making it a useful option for a group escape.",curated-from-tourism-sources,2026-09-30,True,"Planning estimate, not a live quote. Verify routes, permits, weather, opening hours and accommodation before booking.",https://www.gujarattourism.com/,0,2700,6000,370,"Jugaad floor assumes lower-cost rail/general/sleeper travel, shared stays and local transport; fixed costs are separate when known."
dest_0352,Kevadia,Gujarat,India,West,Nature,nature|slow,3-4,9.8,6000,"Kevadia offers a mix of nature, slow experiences, making it a useful option for a group escape.",curated-from-tourism-sources,2026-09-30,True,"Planning estimate, not a live quote. Verify routes, permits, weather, opening hours and accommodation before booking.",https://www.gujarattourism.com/,0,2700,6000,510,"Jugaad floor assumes lower-cost rail/general/sleeper travel, shared stays and local transport; fixed costs are separate when known."
dest_0353,Wilson,Gujarat,India,West,Nature,nature|slow,3-4,8.8,9000,"Wilson offers a mix of nature, slow experiences, making it a useful option for a group escape.",curated-from-tourism-sources,2026-09-30,True,"Planning estimate, not a live quote. Verify routes, permits, weather, opening hours and accommodation before booking.",https://www.gujarattourism.com/,0,4050,9000,460,"Jugaad floor assumes lower-cost rail/general/sleeper travel, shared stays and local transport; fixed costs are separate when known."
dest_0354,Hills,Gujarat,India,West,Hill,mountains,3-4,9.8,13000,"Hills offers a mix of mountains experiences, making it a useful option for a group escape.",curated-from-tourism-sources,2026-09-30,True,"Planning estimate, not a live quote. Verify routes, permits, weather, opening hours and accommodation before booking.",https://www.gujarattourism.com/,0,5850,13000,510,"Jugaad floor assumes lower-cost rail/general/sleeper travel, shared stays and local transport; fixed costs are separate when known."
dest_0355,Zarwani,Gujarat,India,West,Nature,nature|slow,3-4,9.5,13000,"Zarwani offers a mix of nature, slow experiences, making it a useful option for a group escape.",curated-from-tourism-sources,2026-09-30,True,"Planning estimate, not a live quote. Verify routes, permits, weather, opening hours and accommodation before booking.",https://www.gujarattourism.com/,0,5850,13000,495,"Jugaad floor assumes lower-cost rail/general/sleeper travel, shared stays and local transport; fixed costs are separate when known."
dest_0356,Waterfalls,Gujarat,India,West,Adventure,adventure|nature,3-4,9.7,7500,"Waterfalls offers a mix of adventure, nature experiences, making it a useful option for a group escape.",curated-from-tourism-sources,2026-09-30,True,"Planning estimate, not a live quote. Verify routes, permits, weather, opening hours and accommodation before booking.",https://www.gujarattourism.com/,0,3400,7500,505,"Jugaad floor assumes lower-cost rail/general/sleeper travel, shared stays and local transport; fixed costs are separate when known."
dest_0357,Don,Gujarat,India,West,Nature,nature|slow,2-3,6.5,3500,"Don offers a mix of nature, slow experiences, making it a useful option for a group escape.",curated-from-tourism-sources,2026-09-30,True,"Planning estimate, not a live quote. Verify routes, permits, weather, opening hours and accommodation before booking.",https://www.gujarattourism.com/,0,1600,3500,340,"Jugaad floor assumes lower-cost rail/general/sleeper travel, shared stays and local transport; fixed costs are separate when known."
dest_0358,Hill,Gujarat,India,West,Hill,mountains,3-4,7.9,6000,"Hill offers a mix of mountains experiences, making it a useful option for a group escape.",curated-from-tourism-sources,2026-09-30,True,"Planning estimate, not a live quote. Verify routes, permits, weather, opening hours and accommodation before booking.",https://www.gujarattourism.com/,0,2700,6000,410,"Jugaad floor assumes lower-cost rail/general/sleeper travel, shared stays and local transport; fixed costs are separate when known."
dest_0359,Station,Gujarat,India,West,Nature,nature|slow,2-3,6.8,5500,"Station offers a mix of nature, slow experiences, making it a useful option for a group escape.",curated-from-tourism-sources,2026-09-30,True,"Planning estimate, not a live quote. Verify routes, permits, weather, opening hours and accommodation before booking.",https://www.gujarattourism.com/,0,2500,5500,355,"Jugaad floor assumes lower-cost rail/general/sleeper travel, shared stays and local transport; fixed costs are separate when known."
dest_0360,Idar,Gujarat,India,West,Nature,nature|slow,2-3,5.9,8000,"Idar offers a mix of nature, slow experiences, making it a useful option for a group escape.",curated-from-tourism-sources,2026-09-30,True,"Planning estimate, not a live quote. Verify routes, permits, weather, opening hours and accommodation before booking.",https://www.gujarattourism.com/,0,3600,8000,305,"Jugaad floor assumes lower-cost rail/general/sleeper travel, shared stays and local transport; fixed costs are separate when known."
dest_0361,Mount,Gujarat,India,West,Nature,nature|slow,3-4,10.2,9000,"Mount offers a mix of nature, slow experiences, making it a useful option for a group escape.",curated-from-tourism-sources,2026-09-30,True,"Planning estimate, not a live quote. Verify routes, permits, weather, opening hours and accommodation before booking.",https://www.gujarattourism.com/,0,4050,9000,530,"Jugaad floor assumes lower-cost rail/general/sleeper travel, shared stays and local transport; fixed costs are separate when known."
dest_0362,Abu,Gujarat,India,West,Nature,nature|slow,3-4,7.2,6000,"Abu offers a mix of nature, slow experiences, making it a useful option for a group escape.",curated-from-tourism-sources,2026-09-30,True,"Planning estimate, not a live quote. Verify routes, permits, weather, opening hours and accommodation before booking.",https://www.gujarattourism.com/,0,2700,6000,375,"Jugaad floor assumes lower-cost rail/general/sleeper travel, shared stays and local transport; fixed costs are separate when known."
dest_0363,Chikkamagaluru,Karnataka,India,South,Hill,mountains,3-4,8.4,9000,"Chikkamagaluru offers a mix of mountains experiences, making it a useful option for a group escape.",curated-from-tourism-sources,2026-09-30,True,"Planning estimate, not a live quote. Verify routes, permits, weather, opening hours and accommodation before booking.",https://karnatakatourism.org/en/destinations,0,4050,9000,435,"Jugaad floor assumes lower-cost rail/general/sleeper travel, shared stays and local transport; fixed costs are separate when known."
dest_0364,Malpe,Karnataka,India,South,Coastal,beach,4-6,12.1,13000,"Malpe offers a mix of beach experiences, making it a useful option for a group escape.",curated-from-tourism-sources,2026-09-30,False,"Planning estimate, not a live quote. Verify routes, permits, weather, opening hours and accommodation before booking.",https://karnatakatourism.org/en/destinations,0,5850,13000,630,"Jugaad floor assumes lower-cost rail/general/sleeper travel, shared stays and local transport; fixed costs are separate when known."
dest_0365,Kaup,Karnataka,India,South,Coastal,beach,3-4,11.9,11000,"Kaup offers a mix of beach experiences, making it a useful option for a group escape.",curated-from-tourism-sources,2026-09-30,True,"Planning estimate, not a live quote. Verify routes, permits, weather, opening hours and accommodation before booking.",https://karnatakatourism.org/en/destinations,0,4950,11000,620,"Jugaad floor assumes lower-cost rail/general/sleeper travel, shared stays and local transport; fixed costs are separate when known."
dest_0366,Maravanthe,Karnataka,India,South,Coastal,beach,3-4,11.1,11000,"Maravanthe offers a mix of beach experiences, making it a useful option for a group escape.",curated-from-tourism-sources,2026-09-30,True,"Planning estimate, not a live quote. Verify routes, permits, weather, opening hours and accommodation before booking.",https://karnatakatourism.org/en/destinations,0,4950,11000,575,"Jugaad floor assumes lower-cost rail/general/sleeper travel, shared stays and local transport; fixed costs are separate when known."
dest_0367,Agumbe,Karnataka,India,South,Hill,mountains,3-4,10.8,9000,"Agumbe offers a mix of mountains experiences, making it a useful option for a group escape.",curated-from-tourism-sources,2026-09-30,True,"Planning estimate, not a live quote. Verify routes, permits, weather, opening hours and accommodation before booking.",https://karnatakatourism.org/en/destinations,0,4050,9000,560,"Jugaad floor assumes lower-cost rail/general/sleeper travel, shared stays and local transport; fixed costs are separate when known."
dest_0368,Jog,Karnataka,India,South,Nature,nature|slow,3-4,11.2,11000,"Jog offers a mix of nature, slow experiences, making it a useful option for a group escape.",curated-from-tourism-sources,2026-09-30,True,"Planning estimate, not a live quote. Verify routes, permits, weather, opening hours and accommodation before booking.",https://karnatakatourism.org/en/destinations,0,4950,11000,580,"Jugaad floor assumes lower-cost rail/general/sleeper travel, shared stays and local transport; fixed costs are separate when known."
dest_0369,Falls,Karnataka,India,South,Adventure,adventure|nature,4-6,12.3,11000,"Falls offers a mix of adventure, nature experiences, making it a useful option for a group escape.",curated-from-tourism-sources,2026-09-30,False,"Planning estimate, not a live quote. Verify routes, permits, weather, opening hours and accommodation before booking.",https://karnatakatourism.org/en/destinations,0,4950,11000,640,"Jugaad floor assumes lower-cost rail/general/sleeper travel, shared stays and local transport; fixed costs are separate when known."
dest_0370,Yana,Karnataka,India,South,Nature,nature|slow,3-4,9.6,13000,"Yana offers a mix of nature, slow experiences, making it a useful option for a group escape.",curated-from-tourism-sources,2026-09-30,True,"Planning estimate, not a live quote. Verify routes, permits, weather, opening hours and accommodation before booking.",https://karnatakatourism.org/en/destinations,0,5850,13000,500,"Jugaad floor assumes lower-cost rail/general/sleeper travel, shared stays and local transport; fixed costs are separate when known."
dest_0371,Sirsi,Karnataka,India,South,Nature,nature|slow,3-4,11.8,13000,"Sirsi offers a mix of nature, slow experiences, making it a useful option for a group escape.",curated-from-tourism-sources,2026-09-30,True,"Planning estimate, not a live quote. Verify routes, permits, weather, opening hours and accommodation before booking.",https://karnatakatourism.org/en/destinations,0,5850,13000,615,"Jugaad floor assumes lower-cost rail/general/sleeper travel, shared stays and local transport; fixed costs are separate when known."
dest_0372,Belur,Karnataka,India,South,Heritage,history,3-4,9.3,13000,"Belur offers a mix of history experiences, making it a useful option for a group escape.",curated-from-tourism-sources,2026-09-30,True,"Planning estimate, not a live quote. Verify routes, permits, weather, opening hours and accommodation before booking.",https://karnatakatourism.org/en/destinations,0,5850,13000,485,"Jugaad floor assumes lower-cost rail/general/sleeper travel, shared stays and local transport; fixed costs are separate when known."
dest_0373,Halebeedu,Karnataka,India,South,Heritage,history,3-4,9.0,6000,"Halebeedu offers a mix of history experiences, making it a useful option for a group escape.",curated-from-tourism-sources,2026-09-30,True,"Planning estimate, not a live quote. Verify routes, permits, weather, opening hours and accommodation before booking.",https://karnatakatourism.org/en/destinations,0,2700,6000,470,"Jugaad floor assumes lower-cost rail/general/sleeper travel, shared stays and local transport; fixed costs are separate when known."
dest_0374,Srirangapatna,Karnataka,India,South,Heritage,history,3-4,9.8,13000,"Srirangapatna offers a mix of history experiences, making it a useful option for a group escape.",curated-from-tourism-sources,2026-09-30,True,"Planning estimate, not a live quote. Verify routes, permits, weather, opening hours and accommodation before booking.",https://karnatakatourism.org/en/destinations,0,5850,13000,510,"Jugaad floor assumes lower-cost rail/general/sleeper travel, shared stays and local transport; fixed costs are separate when known."
dest_0375,Shravanabelagola,Karnataka,India,South,Nature,nature|slow,3-4,11.8,7500,"Shravanabelagola offers a mix of nature, slow experiences, making it a useful option for a group escape.",curated-from-tourism-sources,2026-09-30,True,"Planning estimate, not a live quote. Verify routes, permits, weather, opening hours and accommodation before booking.",https://karnatakatourism.org/en/destinations,0,3400,7500,615,"Jugaad floor assumes lower-cost rail/general/sleeper travel, shared stays and local transport; fixed costs are separate when known."
dest_0376,Talakadu,Karnataka,India,South,Nature,nature|slow,3-4,12.0,9000,"Talakadu offers a mix of nature, slow experiences, making it a useful option for a group escape.",curated-from-tourism-sources,2026-09-30,True,"Planning estimate, not a live quote. Verify routes, permits, weather, opening hours and accommodation before booking.",https://karnatakatourism.org/en/destinations,0,4050,9000,625,"Jugaad floor assumes lower-cost rail/general/sleeper travel, shared stays and local transport; fixed costs are separate when known."
dest_0377,Nagarhole,Karnataka,India,South,Adventure,adventure|nature,3-4,11.6,11000,"Nagarhole offers a mix of adventure, nature experiences, making it a useful option for a group escape.",curated-from-tourism-sources,2026-09-30,True,"Planning estimate, not a live quote. Verify routes, permits, weather, opening hours and accommodation before booking.",https://karnatakatourism.org/en/destinations,0,4950,11000,605,"Jugaad floor assumes lower-cost rail/general/sleeper travel, shared stays and local transport; fixed costs are separate when known."
dest_0378,Bhadra,Karnataka,India,South,Nature,nature|slow,3-4,11.0,11000,"Bhadra offers a mix of nature, slow experiences, making it a useful option for a group escape.",curated-from-tourism-sources,2026-09-30,True,"Planning estimate, not a live quote. Verify routes, permits, weather, opening hours and accommodation before booking.",https://karnatakatourism.org/en/destinations,0,4950,11000,570,"Jugaad floor assumes lower-cost rail/general/sleeper travel, shared stays and local transport; fixed costs are separate when known."
dest_0379,Kemmanagundi,Karnataka,India,South,Nature,nature|slow,3-4,10.3,13000,"Kemmanagundi offers a mix of nature, slow experiences, making it a useful option for a group escape.",curated-from-tourism-sources,2026-09-30,True,"Planning estimate, not a live quote. Verify routes, permits, weather, opening hours and accommodation before booking.",https://karnatakatourism.org/en/destinations,0,5850,13000,535,"Jugaad floor assumes lower-cost rail/general/sleeper travel, shared stays and local transport; fixed costs are separate when known."
dest_0380,Kudremukh,Karnataka,India,South,Nature,nature|slow,3-4,8.0,6000,"Kudremukh offers a mix of nature, slow experiences, making it a useful option for a group escape.",curated-from-tourism-sources,2026-09-30,True,"Planning estimate, not a live quote. Verify routes, permits, weather, opening hours and accommodation before booking.",https://karnatakatourism.org/en/destinations,0,2700,6000,415,"Jugaad floor assumes lower-cost rail/general/sleeper travel, shared stays and local transport; fixed costs are separate when known."
dest_0381,Devarayanadurga,Karnataka,India,South,Nature,nature|slow,3-4,9.5,13000,"Devarayanadurga offers a mix of nature, slow experiences, making it a useful option for a group escape.",curated-from-tourism-sources,2026-09-30,True,"Planning estimate, not a live quote. Verify routes, permits, weather, opening hours and accommodation before booking.",https://karnatakatourism.org/en/destinations,0,5850,13000,495,"Jugaad floor assumes lower-cost rail/general/sleeper travel, shared stays and local transport; fixed costs are separate when known."
dest_0382,MM,Karnataka,India,South,Nature,nature|slow,3-4,8.9,6000,"MM offers a mix of nature, slow experiences, making it a useful option for a group escape.",curated-from-tourism-sources,2026-09-30,True,"Planning estimate, not a live quote. Verify routes, permits, weather, opening hours and accommodation before booking.",https://karnatakatourism.org/en/destinations,0,2700,6000,465,"Jugaad floor assumes lower-cost rail/general/sleeper travel, shared stays and local transport; fixed costs are separate when known."
dest_0383,Himavad,Karnataka,India,South,Nature,nature|slow,3-4,11.4,13000,"Himavad offers a mix of nature, slow experiences, making it a useful option for a group escape.",curated-from-tourism-sources,2026-09-30,True,"Planning estimate, not a live quote. Verify routes, permits, weather, opening hours and accommodation before booking.",https://karnatakatourism.org/en/destinations,0,5850,13000,595,"Jugaad floor assumes lower-cost rail/general/sleeper travel, shared stays and local transport; fixed costs are separate when known."
dest_0384,Gopalaswamy,Karnataka,India,South,Nature,nature|slow,4-6,12.3,9000,"Gopalaswamy offers a mix of nature, slow experiences, making it a useful option for a group escape.",curated-from-tourism-sources,2026-09-30,False,"Planning estimate, not a live quote. Verify routes, permits, weather, opening hours and accommodation before booking.",https://karnatakatourism.org/en/destinations,0,4050,9000,640,"Jugaad floor assumes lower-cost rail/general/sleeper travel, shared stays and local transport; fixed costs are separate when known."
dest_0385,Betta,Karnataka,India,South,Nature,nature|slow,3-4,7.8,13000,"Betta offers a mix of nature, slow experiences, making it a useful option for a group escape.",curated-from-tourism-sources,2026-09-30,True,"Planning estimate, not a live quote. Verify routes, permits, weather, opening hours and accommodation before booking.",https://karnatakatourism.org/en/destinations,0,5850,13000,405,"Jugaad floor assumes lower-cost rail/general/sleeper travel, shared stays and local transport; fixed costs are separate when known."
dest_0386,Chitradurga,Karnataka,India,South,Nature,nature|slow,3-4,9.4,13000,"Chitradurga offers a mix of nature, slow experiences, making it a useful option for a group escape.",curated-from-tourism-sources,2026-09-30,True,"Planning estimate, not a live quote. Verify routes, permits, weather, opening hours and accommodation before booking.",https://karnatakatourism.org/en/destinations,0,5850,13000,490,"Jugaad floor assumes lower-cost rail/general/sleeper travel, shared stays and local transport; fixed costs are separate when known."
dest_0387,Bidar,Karnataka,India,South,Heritage,history,3-4,8.7,9000,"Bidar offers a mix of history experiences, making it a useful option for a group escape.",curated-from-tourism-sources,2026-09-30,True,"Planning estimate, not a live quote. Verify routes, permits, weather, opening hours and accommodation before booking.",https://karnatakatourism.org/en/destinations,0,4050,9000,450,"Jugaad floor assumes lower-cost rail/general/sleeper travel, shared stays and local transport; fixed costs are separate when known."
dest_0388,Vijayapura,Karnataka,India,South,Heritage,history,4-6,12.3,11000,"Vijayapura offers a mix of history experiences, making it a useful option for a group escape.",curated-from-tourism-sources,2026-09-30,False,"Planning estimate, not a live quote. Verify routes, permits, weather, opening hours and accommodation before booking.",https://karnatakatourism.org/en/destinations,0,4950,11000,640,"Jugaad floor assumes lower-cost rail/general/sleeper travel, shared stays and local transport; fixed costs are separate when known."
dest_0389,Koppal,Karnataka,India,South,Nature,nature|slow,3-4,11.6,13000,"Koppal offers a mix of nature, slow experiences, making it a useful option for a group escape.",curated-from-tourism-sources,2026-09-30,True,"Planning estimate, not a live quote. Verify routes, permits, weather, opening hours and accommodation before booking.",https://karnatakatourism.org/en/destinations,0,5850,13000,605,"Jugaad floor assumes lower-cost rail/general/sleeper travel, shared stays and local transport; fixed costs are separate when known."
dest_0390,Gadag,Karnataka,India,South,Nature,nature|slow,3-4,7.7,11000,"Gadag offers a mix of nature, slow experiences, making it a useful option for a group escape.",curated-from-tourism-sources,2026-09-30,True,"Planning estimate, not a live quote. Verify routes, permits, weather, opening hours and accommodation before booking.",https://karnatakatourism.org/en/destinations,0,4950,11000,400,"Jugaad floor assumes lower-cost rail/general/sleeper travel, shared stays and local transport; fixed costs are separate when known."
dest_0391,Ballari,Karnataka,India,South,Nature,nature|slow,3-4,8.3,13000,"Ballari offers a mix of nature, slow experiences, making it a useful option for a group escape.",curated-from-tourism-sources,2026-09-30,True,"Planning estimate, not a live quote. Verify routes, permits, weather, opening hours and accommodation before booking.",https://karnatakatourism.org/en/destinations,0,5850,13000,430,"Jugaad floor assumes lower-cost rail/general/sleeper travel, shared stays and local transport; fixed costs are separate when known."
dest_0392,Kalaburagi,Karnataka,India,South,Nature,nature|slow,3-4,9.9,6000,"Kalaburagi offers a mix of nature, slow experiences, making it a useful option for a group escape.",curated-from-tourism-sources,2026-09-30,True,"Planning estimate, not a live quote. Verify routes, permits, weather, opening hours and accommodation before booking.",https://karnatakatourism.org/en/destinations,0,2700,6000,515,"Jugaad floor assumes lower-cost rail/general/sleeper travel, shared stays and local transport; fixed costs are separate when known."
dest_0393,Raichur,Karnataka,India,South,Nature,nature|slow,3-4,8.7,6000,"Raichur offers a mix of nature, slow experiences, making it a useful option for a group escape.",curated-from-tourism-sources,2026-09-30,True,"Planning estimate, not a live quote. Verify routes, permits, weather, opening hours and accommodation before booking.",https://karnatakatourism.org/en/destinations,0,2700,6000,450,"Jugaad floor assumes lower-cost rail/general/sleeper travel, shared stays and local transport; fixed costs are separate when known."
dest_0394,Davanagere,Karnataka,India,South,Nature,nature|slow,4-6,12.3,9000,"Davanagere offers a mix of nature, slow experiences, making it a useful option for a group escape.",curated-from-tourism-sources,2026-09-30,False,"Planning estimate, not a live quote. Verify routes, permits, weather, opening hours and accommodation before booking.",https://karnatakatourism.org/en/destinations,0,4050,9000,640,"Jugaad floor assumes lower-cost rail/general/sleeper travel, shared stays and local transport; fixed costs are separate when known."
dest_0395,Hassan,Karnataka,India,South,Nature,nature|slow,3-4,11.9,13000,"Hassan offers a mix of nature, slow experiences, making it a useful option for a group escape.",curated-from-tourism-sources,2026-09-30,True,"Planning estimate, not a live quote. Verify routes, permits, weather, opening hours and accommodation before booking.",https://karnatakatourism.org/en/destinations,0,5850,13000,620,"Jugaad floor assumes lower-cost rail/general/sleeper travel, shared stays and local transport; fixed costs are separate when known."
dest_0396,Hubballi,Karnataka,India,South,Nature,nature|slow,3-4,10.1,7500,"Hubballi offers a mix of nature, slow experiences, making it a useful option for a group escape.",curated-from-tourism-sources,2026-09-30,True,"Planning estimate, not a live quote. Verify routes, permits, weather, opening hours and accommodation before booking.",https://karnatakatourism.org/en/destinations,0,3400,7500,525,"Jugaad floor assumes lower-cost rail/general/sleeper travel, shared stays and local transport; fixed costs are separate when known."
dest_0397,Dharwad,Karnataka,India,South,Nature,nature|slow,3-4,9.5,7500,"Dharwad offers a mix of nature, slow experiences, making it a useful option for a group escape.",curated-from-tourism-sources,2026-09-30,True,"Planning estimate, not a live quote. Verify routes, permits, weather, opening hours and accommodation before booking.",https://karnatakatourism.org/en/destinations,0,3400,7500,495,"Jugaad floor assumes lower-cost rail/general/sleeper travel, shared stays and local transport; fixed costs are separate when known."
dest_0398,Kolar,Karnataka,India,South,Nature,nature|slow,3-4,10.7,9000,"Kolar offers a mix of nature, slow experiences, making it a useful option for a group escape.",curated-from-tourism-sources,2026-09-30,True,"Planning estimate, not a live quote. Verify routes, permits, weather, opening hours and accommodation before booking.",https://karnatakatourism.org/en/destinations,0,4050,9000,555,"Jugaad floor assumes lower-cost rail/general/sleeper travel, shared stays and local transport; fixed costs are separate when known."
dest_0399,Chamarajanagar,Karnataka,India,South,Nature,nature|slow,3-4,10.3,11000,"Chamarajanagar offers a mix of nature, slow experiences, making it a useful option for a group escape.",curated-from-tourism-sources,2026-09-30,True,"Planning estimate, not a live quote. Verify routes, permits, weather, opening hours and accommodation before booking.",https://karnatakatourism.org/en/destinations,0,4950,11000,535,"Jugaad floor assumes lower-cost rail/general/sleeper travel, shared stays and local transport; fixed costs are separate when known."
dest_0400,Ramanagara,Karnataka,India,South,Nature,nature|slow,3-4,10.7,6000,"Ramanagara offers a mix of nature, slow experiences, making it a useful option for a group escape.",curated-from-tourism-sources,2026-09-30,True,"Planning estimate, not a live quote. Verify routes, permits, weather, opening hours and accommodation before booking.",https://karnatakatourism.org/en/destinations,0,2700,6000,555,"Jugaad floor assumes lower-cost rail/general/sleeper travel, shared stays and local transport; fixed costs are separate when known."
dest_0401,Madikeri,Karnataka,India,South,Nature,nature|slow,3-4,11.3,9000,"Madikeri offers a mix of nature, slow experiences, making it a useful option for a group escape.",curated-from-tourism-sources,2026-09-30,True,"Planning estimate, not a live quote. Verify routes, permits, weather, opening hours and accommodation before booking.",https://karnatakatourism.org/en/destinations,0,4050,9000,590,"Jugaad floor assumes lower-cost rail/general/sleeper travel, shared stays and local transport; fixed costs are separate when known."
dest_0402,Somwarpet,Karnataka,India,South,Nature,nature|slow,3-4,9.3,13000,"Somwarpet offers a mix of nature, slow experiences, making it a useful option for a group escape.",curated-from-tourism-sources,2026-09-30,True,"Planning estimate, not a live quote. Verify routes, permits, weather, opening hours and accommodation before booking.",https://karnatakatourism.org/en/destinations,0,5850,13000,485,"Jugaad floor assumes lower-cost rail/general/sleeper travel, shared stays and local transport; fixed costs are separate when known."
dest_0403,Virajpet,Karnataka,India,South,Nature,nature|slow,3-4,9.8,9000,"Virajpet offers a mix of nature, slow experiences, making it a useful option for a group escape.",curated-from-tourism-sources,2026-09-30,True,"Planning estimate, not a live quote. Verify routes, permits, weather, opening hours and accommodation before booking.",https://karnatakatourism.org/en/destinations,0,4050,9000,510,"Jugaad floor assumes lower-cost rail/general/sleeper travel, shared stays and local transport; fixed costs are separate when known."
dest_0404,Kushalnagar,Karnataka,India,South,Nature,nature|slow,3-4,11.8,13000,"Kushalnagar offers a mix of nature, slow experiences, making it a useful option for a group escape.",curated-from-tourism-sources,2026-09-30,True,"Planning estimate, not a live quote. Verify routes, permits, weather, opening hours and accommodation before booking.",https://karnatakatourism.org/en/destinations,0,5850,13000,615,"Jugaad floor assumes lower-cost rail/general/sleeper travel, shared stays and local transport; fixed costs are separate when known."
dest_0405,Koppa,Karnataka,India,South,Nature,nature|slow,3-4,10.2,11000,"Koppa offers a mix of nature, slow experiences, making it a useful option for a group escape.",curated-from-tourism-sources,2026-09-30,True,"Planning estimate, not a live quote. Verify routes, permits, weather, opening hours and accommodation before booking.",https://karnatakatourism.org/en/destinations,0,4950,11000,530,"Jugaad floor assumes lower-cost rail/general/sleeper travel, shared stays and local transport; fixed costs are separate when known."
dest_0406,Balehonnur,Karnataka,India,South,Hill,mountains,3-4,8.1,9000,"Balehonnur offers a mix of mountains experiences, making it a useful option for a group escape.",curated-from-tourism-sources,2026-09-30,True,"Planning estimate, not a live quote. Verify routes, permits, weather, opening hours and accommodation before booking.",https://karnatakatourism.org/en/destinations,0,4050,9000,420,"Jugaad floor assumes lower-cost rail/general/sleeper travel, shared stays and local transport; fixed costs are separate when known."
dest_0407,Kalasa,Karnataka,India,South,Nature,nature|slow,3-4,9.0,7500,"Kalasa offers a mix of nature, slow experiences, making it a useful option for a group escape.",curated-from-tourism-sources,2026-09-30,True,"Planning estimate, not a live quote. Verify routes, permits, weather, opening hours and accommodation before booking.",https://karnatakatourism.org/en/destinations,0,3400,7500,470,"Jugaad floor assumes lower-cost rail/general/sleeper travel, shared stays and local transport; fixed costs are separate when known."
dest_0408,Sringeri,Karnataka,India,South,Nature,nature|slow,3-4,10.0,13000,"Sringeri offers a mix of nature, slow experiences, making it a useful option for a group escape.",curated-from-tourism-sources,2026-09-30,True,"Planning estimate, not a live quote. Verify routes, permits, weather, opening hours and accommodation before booking.",https://karnatakatourism.org/en/destinations,0,5850,13000,520,"Jugaad floor assumes lower-cost rail/general/sleeper travel, shared stays and local transport; fixed costs are separate when known."
dest_0409,Kundadri,Karnataka,India,South,Nature,nature|slow,3-4,9.4,6000,"Kundadri offers a mix of nature, slow experiences, making it a useful option for a group escape.",curated-from-tourism-sources,2026-09-30,True,"Planning estimate, not a live quote. Verify routes, permits, weather, opening hours and accommodation before booking.",https://karnatakatourism.org/en/destinations,0,2700,6000,490,"Jugaad floor assumes lower-cost rail/general/sleeper travel, shared stays and local transport; fixed costs are separate when known."
dest_0410,Kodachadri,Karnataka,India,South,Nature,nature|slow,3-4,10.2,13000,"Kodachadri offers a mix of nature, slow experiences, making it a useful option for a group escape.",curated-from-tourism-sources,2026-09-30,True,"Planning estimate, not a live quote. Verify routes, permits, weather, opening hours and accommodation before booking.",https://karnatakatourism.org/en/destinations,0,5850,13000,530,"Jugaad floor assumes lower-cost rail/general/sleeper travel, shared stays and local transport; fixed costs are separate when known."
dest_0411,Kollur,Karnataka,India,South,Nature,nature|slow,3-4,9.1,11000,"Kollur offers a mix of nature, slow experiences, making it a useful option for a group escape.",curated-from-tourism-sources,2026-09-30,True,"Planning estimate, not a live quote. Verify routes, permits, weather, opening hours and accommodation before booking.",https://karnatakatourism.org/en/destinations,0,4950,11000,475,"Jugaad floor assumes lower-cost rail/general/sleeper travel, shared stays and local transport; fixed costs are separate when known."
dest_0412,Barkur,Karnataka,India,South,Nature,nature|slow,3-4,9.6,11000,"Barkur offers a mix of nature, slow experiences, making it a useful option for a group escape.",curated-from-tourism-sources,2026-09-30,True,"Planning estimate, not a live quote. Verify routes, permits, weather, opening hours and accommodation before booking.",https://karnatakatourism.org/en/destinations,0,4950,11000,500,"Jugaad floor assumes lower-cost rail/general/sleeper travel, shared stays and local transport; fixed costs are separate when known."
dest_0413,Sonda,Karnataka,India,South,Nature,nature|slow,3-4,10.5,11000,"Sonda offers a mix of nature, slow experiences, making it a useful option for a group escape.",curated-from-tourism-sources,2026-09-30,True,"Planning estimate, not a live quote. Verify routes, permits, weather, opening hours and accommodation before booking.",https://karnatakatourism.org/en/destinations,0,4950,11000,545,"Jugaad floor assumes lower-cost rail/general/sleeper travel, shared stays and local transport; fixed costs are separate when known."
dest_0414,Keladi,Karnataka,India,South,Nature,nature|slow,3-4,11.5,7500,"Keladi offers a mix of nature, slow experiences, making it a useful option for a group escape.",curated-from-tourism-sources,2026-09-30,True,"Planning estimate, not a live quote. Verify routes, permits, weather, opening hours and accommodation before booking.",https://karnatakatourism.org/en/destinations,0,3400,7500,600,"Jugaad floor assumes lower-cost rail/general/sleeper travel, shared stays and local transport; fixed costs are separate when known."
dest_0415,Nagara,Karnataka,India,South,Nature,nature|slow,3-4,10.5,6000,"Nagara offers a mix of nature, slow experiences, making it a useful option for a group escape.",curated-from-tourism-sources,2026-09-30,True,"Planning estimate, not a live quote. Verify routes, permits, weather, opening hours and accommodation before booking.",https://karnatakatourism.org/en/destinations,0,2700,6000,545,"Jugaad floor assumes lower-cost rail/general/sleeper travel, shared stays and local transport; fixed costs are separate when known."
dest_0416,Gudibande,Karnataka,India,South,Nature,nature|slow,3-4,11.8,7500,"Gudibande offers a mix of nature, slow experiences, making it a useful option for a group escape.",curated-from-tourism-sources,2026-09-30,True,"Planning estimate, not a live quote. Verify routes, permits, weather, opening hours and accommodation before booking.",https://karnatakatourism.org/en/destinations,0,3400,7500,615,"Jugaad floor assumes lower-cost rail/general/sleeper travel, shared stays and local transport; fixed costs are separate when known."
dest_0417,Kittur,Karnataka,India,South,Nature,nature|slow,3-4,10.3,13000,"Kittur offers a mix of nature, slow experiences, making it a useful option for a group escape.",curated-from-tourism-sources,2026-09-30,True,"Planning estimate, not a live quote. Verify routes, permits, weather, opening hours and accommodation before booking.",https://karnatakatourism.org/en/destinations,0,5850,13000,535,"Jugaad floor assumes lower-cost rail/general/sleeper travel, shared stays and local transport; fixed costs are separate when known."
dest_0418,Basavakalyan,Karnataka,India,South,Nature,nature|slow,3-4,9.6,6000,"Basavakalyan offers a mix of nature, slow experiences, making it a useful option for a group escape.",curated-from-tourism-sources,2026-09-30,True,"Planning estimate, not a live quote. Verify routes, permits, weather, opening hours and accommodation before booking.",https://karnatakatourism.org/en/destinations,0,2700,6000,500,"Jugaad floor assumes lower-cost rail/general/sleeper travel, shared stays and local transport; fixed costs are separate when known."
dest_0419,Anegundi,Karnataka,India,South,Nature,nature|slow,3-4,11.1,7500,"Anegundi offers a mix of nature, slow experiences, making it a useful option for a group escape.",curated-from-tourism-sources,2026-09-30,True,"Planning estimate, not a live quote. Verify routes, permits, weather, opening hours and accommodation before booking.",https://karnatakatourism.org/en/destinations,0,3400,7500,575,"Jugaad floor assumes lower-cost rail/general/sleeper travel, shared stays and local transport; fixed costs are separate when known."
dest_0420,Harihar,Karnataka,India,South,Nature,nature|slow,3-4,8.4,11000,"Harihar offers a mix of nature, slow experiences, making it a useful option for a group escape.",curated-from-tourism-sources,2026-09-30,True,"Planning estimate, not a live quote. Verify routes, permits, weather, opening hours and accommodation before booking.",https://karnatakatourism.org/en/destinations,0,4950,11000,435,"Jugaad floor assumes lower-cost rail/general/sleeper travel, shared stays and local transport; fixed costs are separate when known."
dest_0421,Nanjangud,Karnataka,India,South,Nature,nature|slow,3-4,7.7,9000,"Nanjangud offers a mix of nature, slow experiences, making it a useful option for a group escape.",curated-from-tourism-sources,2026-09-30,True,"Planning estimate, not a live quote. Verify routes, permits, weather, opening hours and accommodation before booking.",https://karnatakatourism.org/en/destinations,0,4050,9000,400,"Jugaad floor assumes lower-cost rail/general/sleeper travel, shared stays and local transport; fixed costs are separate when known."
dest_0422,Magadi,Karnataka,India,South,Nature,nature|slow,3-4,11.5,9000,"Magadi offers a mix of nature, slow experiences, making it a useful option for a group escape.",curated-from-tourism-sources,2026-09-30,True,"Planning estimate, not a live quote. Verify routes, permits, weather, opening hours and accommodation before booking.",https://karnatakatourism.org/en/destinations,0,4050,9000,600,"Jugaad floor assumes lower-cost rail/general/sleeper travel, shared stays and local transport; fixed costs are separate when known."
dest_0423,Gokak,Karnataka,India,South,Nature,nature|slow,3-4,8.0,11000,"Gokak offers a mix of nature, slow experiences, making it a useful option for a group escape.",curated-from-tourism-sources,2026-09-30,True,"Planning estimate, not a live quote. Verify routes, permits, weather, opening hours and accommodation before booking.",https://karnatakatourism.org/en/destinations,0,4950,11000,415,"Jugaad floor assumes lower-cost rail/general/sleeper travel, shared stays and local transport; fixed costs are separate when known."
dest_0424,Godachinmalki,Karnataka,India,South,Nature,nature|slow,3-4,8.2,7500,"Godachinmalki offers a mix of nature, slow experiences, making it a useful option for a group escape.",curated-from-tourism-sources,2026-09-30,True,"Planning estimate, not a live quote. Verify routes, permits, weather, opening hours and accommodation before booking.",https://karnatakatourism.org/en/destinations,0,3400,7500,425,"Jugaad floor assumes lower-cost rail/general/sleeper travel, shared stays and local transport; fixed costs are separate when known."
dest_0425,Barkana,Karnataka,India,South,Nature,nature|slow,3-4,9.2,9000,"Barkana offers a mix of nature, slow experiences, making it a useful option for a group escape.",curated-from-tourism-sources,2026-09-30,True,"Planning estimate, not a live quote. Verify routes, permits, weather, opening hours and accommodation before booking.",https://karnatakatourism.org/en/destinations,0,4050,9000,480,"Jugaad floor assumes lower-cost rail/general/sleeper travel, shared stays and local transport; fixed costs are separate when known."
dest_0426,Hebbe,Karnataka,India,South,Nature,nature|slow,3-4,8.8,9000,"Hebbe offers a mix of nature, slow experiences, making it a useful option for a group escape.",curated-from-tourism-sources,2026-09-30,True,"Planning estimate, not a live quote. Verify routes, permits, weather, opening hours and accommodation before booking.",https://karnatakatourism.org/en/destinations,0,4050,9000,460,"Jugaad floor assumes lower-cost rail/general/sleeper travel, shared stays and local transport; fixed costs are separate when known."
dest_0427,Bheemeshwari,Karnataka,India,South,Nature,nature|slow,3-4,10.3,11000,"Bheemeshwari offers a mix of nature, slow experiences, making it a useful option for a group escape.",curated-from-tourism-sources,2026-09-30,True,"Planning estimate, not a live quote. Verify routes, permits, weather, opening hours and accommodation before booking.",https://karnatakatourism.org/en/destinations,0,4950,11000,535,"Jugaad floor assumes lower-cost rail/general/sleeper travel, shared stays and local transport; fixed costs are separate when known."
dest_0428,Manchanabele,Karnataka,India,South,Nature,nature|slow,4-6,12.2,13000,"Manchanabele offers a mix of nature, slow experiences, making it a useful option for a group escape.",curated-from-tourism-sources,2026-09-30,False,"Planning estimate, not a live quote. Verify routes, permits, weather, opening hours and accommodation before booking.",https://karnatakatourism.org/en/destinations,0,5850,13000,635,"Jugaad floor assumes lower-cost rail/general/sleeper travel, shared stays and local transport; fixed costs are separate when known."
dest_0429,Savandurga,Karnataka,India,South,Nature,nature|slow,3-4,9.9,7500,"Savandurga offers a mix of nature, slow experiences, making it a useful option for a group escape.",curated-from-tourism-sources,2026-09-30,True,"Planning estimate, not a live quote. Verify routes, permits, weather, opening hours and accommodation before booking.",https://karnatakatourism.org/en/destinations,0,3400,7500,515,"Jugaad floor assumes lower-cost rail/general/sleeper travel, shared stays and local transport; fixed costs are separate when known."
dest_0430,Skandagiri,Karnataka,India,South,Nature,nature|slow,3-4,11.3,11000,"Skandagiri offers a mix of nature, slow experiences, making it a useful option for a group escape.",curated-from-tourism-sources,2026-09-30,True,"Planning estimate, not a live quote. Verify routes, permits, weather, opening hours and accommodation before booking.",https://karnatakatourism.org/en/destinations,0,4950,11000,590,"Jugaad floor assumes lower-cost rail/general/sleeper travel, shared stays and local transport; fixed costs are separate when known."
dest_0431,Nandi,Karnataka,India,South,Nature,nature|slow,3-4,10.7,9000,"Nandi offers a mix of nature, slow experiences, making it a useful option for a group escape.",curated-from-tourism-sources,2026-09-30,True,"Planning estimate, not a live quote. Verify routes, permits, weather, opening hours and accommodation before booking.",https://karnatakatourism.org/en/destinations,0,4050,9000,555,"Jugaad floor assumes lower-cost rail/general/sleeper travel, shared stays and local transport; fixed costs are separate when known."
dest_0432,Anthargange,Karnataka,India,South,Nature,nature|slow,3-4,9.2,9000,"Anthargange offers a mix of nature, slow experiences, making it a useful option for a group escape.",curated-from-tourism-sources,2026-09-30,True,"Planning estimate, not a live quote. Verify routes, permits, weather, opening hours and accommodation before booking.",https://karnatakatourism.org/en/destinations,0,4050,9000,480,"Jugaad floor assumes lower-cost rail/general/sleeper travel, shared stays and local transport; fixed costs are separate when known."
dest_0433,Maheshwar,Madhya Pradesh,India,West,Nature,nature|slow,4-6,12.4,6000,"Maheshwar offers a mix of nature, slow experiences, making it a useful option for a group escape.",curated-from-tourism-sources,2026-09-30,False,"Planning estimate, not a live quote. Verify routes, permits, weather, opening hours and accommodation before booking.",https://www.mptourism.com/,0,2700,6000,645,"Jugaad floor assumes lower-cost rail/general/sleeper travel, shared stays and local transport; fixed costs are separate when known."
dest_0434,Omkareshwar,Madhya Pradesh,India,West,Nature,nature|slow,3-4,9.4,11000,"Omkareshwar offers a mix of nature, slow experiences, making it a useful option for a group escape.",curated-from-tourism-sources,2026-09-30,True,"Planning estimate, not a live quote. Verify routes, permits, weather, opening hours and accommodation before booking.",https://www.mptourism.com/,0,4950,11000,490,"Jugaad floor assumes lower-cost rail/general/sleeper travel, shared stays and local transport; fixed costs are separate when known."
dest_0435,Pench,Madhya Pradesh,India,West,Adventure,adventure|nature,3-4,9.0,7500,"Pench offers a mix of adventure, nature experiences, making it a useful option for a group escape.",curated-from-tourism-sources,2026-09-30,True,"Planning estimate, not a live quote. Verify routes, permits, weather, opening hours and accommodation before booking.",https://www.mptourism.com/,0,3400,7500,470,"Jugaad floor assumes lower-cost rail/general/sleeper travel, shared stays and local transport; fixed costs are separate when known."
dest_0436,Satpura,Madhya Pradesh,India,West,Adventure,adventure|nature,3-4,7.9,9000,"Satpura offers a mix of adventure, nature experiences, making it a useful option for a group escape.",curated-from-tourism-sources,2026-09-30,True,"Planning estimate, not a live quote. Verify routes, permits, weather, opening hours and accommodation before booking.",https://www.mptourism.com/,0,4050,9000,410,"Jugaad floor assumes lower-cost rail/general/sleeper travel, shared stays and local transport; fixed costs are separate when known."
dest_0437,Panna,Madhya Pradesh,India,West,Nature,nature|slow,3-4,7.7,13000,"Panna offers a mix of nature, slow experiences, making it a useful option for a group escape.",curated-from-tourism-sources,2026-09-30,True,"Planning estimate, not a live quote. Verify routes, permits, weather, opening hours and accommodation before booking.",https://www.mptourism.com/,0,5850,13000,400,"Jugaad floor assumes lower-cost rail/general/sleeper travel, shared stays and local transport; fixed costs are separate when known."
dest_0438,Gwalior,Madhya Pradesh,India,West,Nature,nature|slow,3-4,9.2,9000,"Gwalior offers a mix of nature, slow experiences, making it a useful option for a group escape.",curated-from-tourism-sources,2026-09-30,True,"Planning estimate, not a live quote. Verify routes, permits, weather, opening hours and accommodation before booking.",https://www.mptourism.com/,0,4050,9000,480,"Jugaad floor assumes lower-cost rail/general/sleeper travel, shared stays and local transport; fixed costs are separate when known."
dest_0439,Shivpuri,Madhya Pradesh,India,West,Coastal,beach|culture,3-4,10.0,9000,"Shivpuri offers a mix of beach, culture experiences, making it a useful option for a group escape.",curated-from-tourism-sources,2026-09-30,True,"Planning estimate, not a live quote. Verify routes, permits, weather, opening hours and accommodation before booking.",https://www.mptourism.com/,0,4050,9000,520,"Jugaad floor assumes lower-cost rail/general/sleeper travel, shared stays and local transport; fixed costs are separate when known."
dest_0440,Chanderi,Madhya Pradesh,India,West,Nature,nature|slow,3-4,8.4,7500,"Chanderi offers a mix of nature, slow experiences, making it a useful option for a group escape.",curated-from-tourism-sources,2026-09-30,True,"Planning estimate, not a live quote. Verify routes, permits, weather, opening hours and accommodation before booking.",https://www.mptourism.com/,0,3400,7500,435,"Jugaad floor assumes lower-cost rail/general/sleeper travel, shared stays and local transport; fixed costs are separate when known."
dest_0441,Amarkantak,Madhya Pradesh,India,West,Nature,nature|slow,3-4,11.1,6000,"Amarkantak offers a mix of nature, slow experiences, making it a useful option for a group escape.",curated-from-tourism-sources,2026-09-30,True,"Planning estimate, not a live quote. Verify routes, permits, weather, opening hours and accommodation before booking.",https://www.mptourism.com/,0,2700,6000,575,"Jugaad floor assumes lower-cost rail/general/sleeper travel, shared stays and local transport; fixed costs are separate when known."
dest_0442,Tamia,Madhya Pradesh,India,West,Nature,nature|slow,4-6,12.3,7500,"Tamia offers a mix of nature, slow experiences, making it a useful option for a group escape.",curated-from-tourism-sources,2026-09-30,False,"Planning estimate, not a live quote. Verify routes, permits, weather, opening hours and accommodation before booking.",https://www.mptourism.com/,0,3400,7500,640,"Jugaad floor assumes lower-cost rail/general/sleeper travel, shared stays and local transport; fixed costs are separate when known."
dest_0443,Patalkot,Madhya Pradesh,India,West,Nature,nature|slow,3-4,9.4,13000,"Patalkot offers a mix of nature, slow experiences, making it a useful option for a group escape.",curated-from-tourism-sources,2026-09-30,True,"Planning estimate, not a live quote. Verify routes, permits, weather, opening hours and accommodation before booking.",https://www.mptourism.com/,0,5850,13000,490,"Jugaad floor assumes lower-cost rail/general/sleeper travel, shared stays and local transport; fixed costs are separate when known."
dest_0444,Bargi,Madhya Pradesh,India,West,Nature,nature|slow,3-4,9.7,7500,"Bargi offers a mix of nature, slow experiences, making it a useful option for a group escape.",curated-from-tourism-sources,2026-09-30,True,"Planning estimate, not a live quote. Verify routes, permits, weather, opening hours and accommodation before booking.",https://www.mptourism.com/,0,3400,7500,505,"Jugaad floor assumes lower-cost rail/general/sleeper travel, shared stays and local transport; fixed costs are separate when known."
dest_0445,Jabalpur,Madhya Pradesh,India,West,Nature,nature|slow,3-4,10.2,7500,"Jabalpur offers a mix of nature, slow experiences, making it a useful option for a group escape.",curated-from-tourism-sources,2026-09-30,True,"Planning estimate, not a live quote. Verify routes, permits, weather, opening hours and accommodation before booking.",https://www.mptourism.com/,0,3400,7500,530,"Jugaad floor assumes lower-cost rail/general/sleeper travel, shared stays and local transport; fixed costs are separate when known."
dest_0446,Marble,Madhya Pradesh,India,West,Nature,nature|slow,3-4,10.0,6000,"Marble offers a mix of nature, slow experiences, making it a useful option for a group escape.",curated-from-tourism-sources,2026-09-30,True,"Planning estimate, not a live quote. Verify routes, permits, weather, opening hours and accommodation before booking.",https://www.mptourism.com/,0,2700,6000,520,"Jugaad floor assumes lower-cost rail/general/sleeper travel, shared stays and local transport; fixed costs are separate when known."
dest_0447,Rocks,Madhya Pradesh,India,West,Nature,nature|slow,3-4,8.1,7500,"Rocks offers a mix of nature, slow experiences, making it a useful option for a group escape.",curated-from-tourism-sources,2026-09-30,True,"Planning estimate, not a live quote. Verify routes, permits, weather, opening hours and accommodation before booking.",https://www.mptourism.com/,0,3400,7500,420,"Jugaad floor assumes lower-cost rail/general/sleeper travel, shared stays and local transport; fixed costs are separate when known."
dest_0448,Bhedaghat,Madhya Pradesh,India,West,Hill,mountains,3-4,7.5,9000,"Bhedaghat offers a mix of mountains experiences, making it a useful option for a group escape.",curated-from-tourism-sources,2026-09-30,True,"Planning estimate, not a live quote. Verify routes, permits, weather, opening hours and accommodation before booking.",https://www.mptourism.com/,0,4050,9000,390,"Jugaad floor assumes lower-cost rail/general/sleeper travel, shared stays and local transport; fixed costs are separate when known."
dest_0449,Burhanpur,Madhya Pradesh,India,West,Nature,nature|slow,3-4,10.4,9000,"Burhanpur offers a mix of nature, slow experiences, making it a useful option for a group escape.",curated-from-tourism-sources,2026-09-30,True,"Planning estimate, not a live quote. Verify routes, permits, weather, opening hours and accommodation before booking.",https://www.mptourism.com/,0,4050,9000,540,"Jugaad floor assumes lower-cost rail/general/sleeper travel, shared stays and local transport; fixed costs are separate when known."
dest_0450,Ratlam,Madhya Pradesh,India,West,Nature,nature|slow,3-4,8.9,9000,"Ratlam offers a mix of nature, slow experiences, making it a useful option for a group escape.",curated-from-tourism-sources,2026-09-30,True,"Planning estimate, not a live quote. Verify routes, permits, weather, opening hours and accommodation before booking.",https://www.mptourism.com/,0,4050,9000,465,"Jugaad floor assumes lower-cost rail/general/sleeper travel, shared stays and local transport; fixed costs are separate when known."
dest_0451,Mandsaur,Madhya Pradesh,India,West,Nature,nature|slow,3-4,11.3,11000,"Mandsaur offers a mix of nature, slow experiences, making it a useful option for a group escape.",curated-from-tourism-sources,2026-09-30,True,"Planning estimate, not a live quote. Verify routes, permits, weather, opening hours and accommodation before booking.",https://www.mptourism.com/,0,4950,11000,590,"Jugaad floor assumes lower-cost rail/general/sleeper travel, shared stays and local transport; fixed costs are separate when known."
dest_0452,Neemuch,Madhya Pradesh,India,West,Nature,nature|slow,3-4,8.3,7500,"Neemuch offers a mix of nature, slow experiences, making it a useful option for a group escape.",curated-from-tourism-sources,2026-09-30,True,"Planning estimate, not a live quote. Verify routes, permits, weather, opening hours and accommodation before booking.",https://www.mptourism.com/,0,3400,7500,430,"Jugaad floor assumes lower-cost rail/general/sleeper travel, shared stays and local transport; fixed costs are separate when known."
dest_0453,Alirajpur,Madhya Pradesh,India,West,Nature,nature|slow,3-4,10.1,7500,"Alirajpur offers a mix of nature, slow experiences, making it a useful option for a group escape.",curated-from-tourism-sources,2026-09-30,True,"Planning estimate, not a live quote. Verify routes, permits, weather, opening hours and accommodation before booking.",https://www.mptourism.com/,0,3400,7500,525,"Jugaad floor assumes lower-cost rail/general/sleeper travel, shared stays and local transport; fixed costs are separate when known."
dest_0454,Sailana,Madhya Pradesh,India,West,Nature,nature|slow,3-4,11.0,6000,"Sailana offers a mix of nature, slow experiences, making it a useful option for a group escape.",curated-from-tourism-sources,2026-09-30,True,"Planning estimate, not a live quote. Verify routes, permits, weather, opening hours and accommodation before booking.",https://www.mptourism.com/,0,2700,6000,570,"Jugaad floor assumes lower-cost rail/general/sleeper travel, shared stays and local transport; fixed costs are separate when known."
dest_0455,Hanumantiya,Madhya Pradesh,India,West,Nature,nature|slow,3-4,7.8,11000,"Hanumantiya offers a mix of nature, slow experiences, making it a useful option for a group escape.",curated-from-tourism-sources,2026-09-30,True,"Planning estimate, not a live quote. Verify routes, permits, weather, opening hours and accommodation before booking.",https://www.mptourism.com/,0,4950,11000,405,"Jugaad floor assumes lower-cost rail/general/sleeper travel, shared stays and local transport; fixed costs are separate when known."
dest_0456,Tawa,Madhya Pradesh,India,West,Nature,nature|slow,3-4,11.3,6000,"Tawa offers a mix of nature, slow experiences, making it a useful option for a group escape.",curated-from-tourism-sources,2026-09-30,True,"Planning estimate, not a live quote. Verify routes, permits, weather, opening hours and accommodation before booking.",https://www.mptourism.com/,0,2700,6000,590,"Jugaad floor assumes lower-cost rail/general/sleeper travel, shared stays and local transport; fixed costs are separate when known."
dest_0457,Reservoir,Madhya Pradesh,India,West,Nature,nature|slow,3-4,9.0,6000,"Reservoir offers a mix of nature, slow experiences, making it a useful option for a group escape.",curated-from-tourism-sources,2026-09-30,True,"Planning estimate, not a live quote. Verify routes, permits, weather, opening hours and accommodation before booking.",https://www.mptourism.com/,0,2700,6000,470,"Jugaad floor assumes lower-cost rail/general/sleeper travel, shared stays and local transport; fixed costs are separate when known."
dest_0458,Choral,Madhya Pradesh,India,West,Nature,nature|slow,3-4,8.8,7500,"Choral offers a mix of nature, slow experiences, making it a useful option for a group escape.",curated-from-tourism-sources,2026-09-30,True,"Planning estimate, not a live quote. Verify routes, permits, weather, opening hours and accommodation before booking.",https://www.mptourism.com/,0,3400,7500,460,"Jugaad floor assumes lower-cost rail/general/sleeper travel, shared stays and local transport; fixed costs are separate when known."
dest_0459,Dam,Madhya Pradesh,India,West,Nature,nature|slow,3-4,10.8,6000,"Dam offers a mix of nature, slow experiences, making it a useful option for a group escape.",curated-from-tourism-sources,2026-09-30,True,"Planning estimate, not a live quote. Verify routes, permits, weather, opening hours and accommodation before booking.",https://www.mptourism.com/,0,2700,6000,560,"Jugaad floor assumes lower-cost rail/general/sleeper travel, shared stays and local transport; fixed costs are separate when known."
dest_0460,Kuno,Madhya Pradesh,India,West,Adventure,adventure,3-4,10.5,11000,"Kuno offers a mix of adventure experiences, making it a useful option for a group escape.",curated-from-tourism-sources,2026-09-30,True,"Planning estimate, not a live quote. Verify routes, permits, weather, opening hours and accommodation before booking.",https://www.mptourism.com/,0,4950,11000,545,"Jugaad floor assumes lower-cost rail/general/sleeper travel, shared stays and local transport; fixed costs are separate when known."
dest_0461,Sariska,Rajasthan,India,West,Nature,nature|slow,4-6,18.1,15000,"Sariska offers a mix of nature, slow experiences, making it a useful option for a group escape.",curated-from-tourism-sources,2026-09-30,False,"Planning estimate, not a live quote. Verify routes, permits, weather, opening hours and accommodation before booking.",https://www.tourism.rajasthan.gov.in/,0,6750,15000,940,"Jugaad floor assumes lower-cost rail/general/sleeper travel, shared stays and local transport; fixed costs are separate when known."
dest_0462,Bharatpur,Rajasthan,India,West,Nature,nature|slow,4-6,16.3,15000,"Bharatpur offers a mix of nature, slow experiences, making it a useful option for a group escape.",curated-from-tourism-sources,2026-09-30,False,"Planning estimate, not a live quote. Verify routes, permits, weather, opening hours and accommodation before booking.",https://www.tourism.rajasthan.gov.in/,0,6750,15000,850,"Jugaad floor assumes lower-cost rail/general/sleeper travel, shared stays and local transport; fixed costs are separate when known."
dest_0463,Kota,Rajasthan,India,West,Nature,nature|slow,4-6,17.0,15000,"Kota offers a mix of nature, slow experiences, making it a useful option for a group escape.",curated-from-tourism-sources,2026-09-30,False,"Planning estimate, not a live quote. Verify routes, permits, weather, opening hours and accommodation before booking.",https://www.tourism.rajasthan.gov.in/,0,6750,15000,885,"Jugaad floor assumes lower-cost rail/general/sleeper travel, shared stays and local transport; fixed costs are separate when known."
dest_0464,Neemrana,Rajasthan,India,West,Nature,nature|slow,4-6,18.0,12000,"Neemrana offers a mix of nature, slow experiences, making it a useful option for a group escape.",curated-from-tourism-sources,2026-09-30,False,"Planning estimate, not a live quote. Verify routes, permits, weather, opening hours and accommodation before booking.",https://www.tourism.rajasthan.gov.in/,0,5400,12000,935,"Jugaad floor assumes lower-cost rail/general/sleeper travel, shared stays and local transport; fixed costs are separate when known."
dest_0465,Alwar,Rajasthan,India,West,Nature,nature|slow,4-6,16.4,9000,"Alwar offers a mix of nature, slow experiences, making it a useful option for a group escape.",curated-from-tourism-sources,2026-09-30,False,"Planning estimate, not a live quote. Verify routes, permits, weather, opening hours and accommodation before booking.",https://www.tourism.rajasthan.gov.in/,0,4050,9000,855,"Jugaad floor assumes lower-cost rail/general/sleeper travel, shared stays and local transport; fixed costs are separate when known."
dest_0466,Mandawa,Rajasthan,India,West,Nature,nature|slow,4-6,16.7,9000,"Mandawa offers a mix of nature, slow experiences, making it a useful option for a group escape.",curated-from-tourism-sources,2026-09-30,False,"Planning estimate, not a live quote. Verify routes, permits, weather, opening hours and accommodation before booking.",https://www.tourism.rajasthan.gov.in/,0,4050,9000,870,"Jugaad floor assumes lower-cost rail/general/sleeper travel, shared stays and local transport; fixed costs are separate when known."
dest_0467,Shekhawati,Rajasthan,India,West,Nature,nature|slow,4-6,17.6,12000,"Shekhawati offers a mix of nature, slow experiences, making it a useful option for a group escape.",curated-from-tourism-sources,2026-09-30,False,"Planning estimate, not a live quote. Verify routes, permits, weather, opening hours and accommodation before booking.",https://www.tourism.rajasthan.gov.in/,0,5400,12000,915,"Jugaad floor assumes lower-cost rail/general/sleeper travel, shared stays and local transport; fixed costs are separate when known."
dest_0468,Osian,Rajasthan,India,West,Nature,nature|slow,4-6,18.0,18000,"Osian offers a mix of nature, slow experiences, making it a useful option for a group escape.",curated-from-tourism-sources,2026-09-30,False,"Planning estimate, not a live quote. Verify routes, permits, weather, opening hours and accommodation before booking.",https://www.tourism.rajasthan.gov.in/,0,8100,18000,935,"Jugaad floor assumes lower-cost rail/general/sleeper travel, shared stays and local transport; fixed costs are separate when known."
dest_0469,Barmer,Rajasthan,India,West,Nature,nature|slow,4-6,14.2,13000,"Barmer offers a mix of nature, slow experiences, making it a useful option for a group escape.",curated-from-tourism-sources,2026-09-30,False,"Planning estimate, not a live quote. Verify routes, permits, weather, opening hours and accommodation before booking.",https://www.tourism.rajasthan.gov.in/,0,5850,13000,740,"Jugaad floor assumes lower-cost rail/general/sleeper travel, shared stays and local transport; fixed costs are separate when known."
dest_0470,Nagaur,Rajasthan,India,West,Nature,nature|slow,4-6,15.8,12000,"Nagaur offers a mix of nature, slow experiences, making it a useful option for a group escape.",curated-from-tourism-sources,2026-09-30,False,"Planning estimate, not a live quote. Verify routes, permits, weather, opening hours and accommodation before booking.",https://www.tourism.rajasthan.gov.in/,0,5400,12000,820,"Jugaad floor assumes lower-cost rail/general/sleeper travel, shared stays and local transport; fixed costs are separate when known."
dest_0471,Dausa,Rajasthan,India,West,Nature,nature|slow,4-6,17.1,12000,"Dausa offers a mix of nature, slow experiences, making it a useful option for a group escape.",curated-from-tourism-sources,2026-09-30,False,"Planning estimate, not a live quote. Verify routes, permits, weather, opening hours and accommodation before booking.",https://www.tourism.rajasthan.gov.in/,0,5400,12000,890,"Jugaad floor assumes lower-cost rail/general/sleeper travel, shared stays and local transport; fixed costs are separate when known."
dest_0472,Karauli,Rajasthan,India,West,Hill,mountains,4-6,14.4,6000,"Karauli offers a mix of mountains experiences, making it a useful option for a group escape.",curated-from-tourism-sources,2026-09-30,False,"Planning estimate, not a live quote. Verify routes, permits, weather, opening hours and accommodation before booking.",https://www.tourism.rajasthan.gov.in/,0,2700,6000,750,"Jugaad floor assumes lower-cost rail/general/sleeper travel, shared stays and local transport; fixed costs are separate when known."
dest_0473,Sawai,Rajasthan,India,West,Nature,nature|slow,4-6,17.1,22000,"Sawai offers a mix of nature, slow experiences, making it a useful option for a group escape.",curated-from-tourism-sources,2026-09-30,False,"Planning estimate, not a live quote. Verify routes, permits, weather, opening hours and accommodation before booking.",https://www.tourism.rajasthan.gov.in/,0,9900,22000,890,"Jugaad floor assumes lower-cost rail/general/sleeper travel, shared stays and local transport; fixed costs are separate when known."
dest_0474,Madhopur,Rajasthan,India,West,Nature,nature|slow,4-6,17.3,22000,"Madhopur offers a mix of nature, slow experiences, making it a useful option for a group escape.",curated-from-tourism-sources,2026-09-30,False,"Planning estimate, not a live quote. Verify routes, permits, weather, opening hours and accommodation before booking.",https://www.tourism.rajasthan.gov.in/,0,9900,22000,900,"Jugaad floor assumes lower-cost rail/general/sleeper travel, shared stays and local transport; fixed costs are separate when known."
dest_0475,Jawai,Rajasthan,India,West,Nature,nature|slow,4-6,17.0,9000,"Jawai offers a mix of nature, slow experiences, making it a useful option for a group escape.",curated-from-tourism-sources,2026-09-30,False,"Planning estimate, not a live quote. Verify routes, permits, weather, opening hours and accommodation before booking.",https://www.tourism.rajasthan.gov.in/,0,4050,9000,885,"Jugaad floor assumes lower-cost rail/general/sleeper travel, shared stays and local transport; fixed costs are separate when known."
dest_0476,Bera,Rajasthan,India,West,Nature,nature|slow,4-6,14.4,11000,"Bera offers a mix of nature, slow experiences, making it a useful option for a group escape.",curated-from-tourism-sources,2026-09-30,False,"Planning estimate, not a live quote. Verify routes, permits, weather, opening hours and accommodation before booking.",https://www.tourism.rajasthan.gov.in/,0,4950,11000,750,"Jugaad floor assumes lower-cost rail/general/sleeper travel, shared stays and local transport; fixed costs are separate when known."
dest_0477,Ranakpur,Rajasthan,India,West,Nature,nature|slow,4-6,14.1,9000,"Ranakpur offers a mix of nature, slow experiences, making it a useful option for a group escape.",curated-from-tourism-sources,2026-09-30,False,"Planning estimate, not a live quote. Verify routes, permits, weather, opening hours and accommodation before booking.",https://www.tourism.rajasthan.gov.in/,0,4050,9000,735,"Jugaad floor assumes lower-cost rail/general/sleeper travel, shared stays and local transport; fixed costs are separate when known."
dest_0478,Nathdwara,Rajasthan,India,West,Nature,nature|slow,4-6,17.7,22000,"Nathdwara offers a mix of nature, slow experiences, making it a useful option for a group escape.",curated-from-tourism-sources,2026-09-30,False,"Planning estimate, not a live quote. Verify routes, permits, weather, opening hours and accommodation before booking.",https://www.tourism.rajasthan.gov.in/,0,9900,22000,920,"Jugaad floor assumes lower-cost rail/general/sleeper travel, shared stays and local transport; fixed costs are separate when known."
dest_0479,Sambhar,Rajasthan,India,West,Nature,nature|slow,4-6,15.8,15000,"Sambhar offers a mix of nature, slow experiences, making it a useful option for a group escape.",curated-from-tourism-sources,2026-09-30,False,"Planning estimate, not a live quote. Verify routes, permits, weather, opening hours and accommodation before booking.",https://www.tourism.rajasthan.gov.in/,0,6750,15000,820,"Jugaad floor assumes lower-cost rail/general/sleeper travel, shared stays and local transport; fixed costs are separate when known."
dest_0480,Lake,Rajasthan,India,West,Nature,nature,4-6,14.2,7500,"Lake offers a mix of nature experiences, making it a useful option for a group escape.",curated-from-tourism-sources,2026-09-30,False,"Planning estimate, not a live quote. Verify routes, permits, weather, opening hours and accommodation before booking.",https://www.tourism.rajasthan.gov.in/,0,3400,7500,740,"Jugaad floor assumes lower-cost rail/general/sleeper travel, shared stays and local transport; fixed costs are separate when known."
dest_0481,Abhaneri,Rajasthan,India,West,Nature,nature|slow,4-6,17.2,12000,"Abhaneri offers a mix of nature, slow experiences, making it a useful option for a group escape.",curated-from-tourism-sources,2026-09-30,False,"Planning estimate, not a live quote. Verify routes, permits, weather, opening hours and accommodation before booking.",https://www.tourism.rajasthan.gov.in/,0,5400,12000,895,"Jugaad floor assumes lower-cost rail/general/sleeper travel, shared stays and local transport; fixed costs are separate when known."
dest_0482,Tal,Rajasthan,India,West,Nature,nature|slow,4-6,15.2,9000,"Tal offers a mix of nature, slow experiences, making it a useful option for a group escape.",curated-from-tourism-sources,2026-09-30,False,"Planning estimate, not a live quote. Verify routes, permits, weather, opening hours and accommodation before booking.",https://www.tourism.rajasthan.gov.in/,0,4050,9000,790,"Jugaad floor assumes lower-cost rail/general/sleeper travel, shared stays and local transport; fixed costs are separate when known."
dest_0483,Chhapar,Rajasthan,India,West,Nature,nature|slow,4-6,15.7,22000,"Chhapar offers a mix of nature, slow experiences, making it a useful option for a group escape.",curated-from-tourism-sources,2026-09-30,False,"Planning estimate, not a live quote. Verify routes, permits, weather, opening hours and accommodation before booking.",https://www.tourism.rajasthan.gov.in/,0,9900,22000,815,"Jugaad floor assumes lower-cost rail/general/sleeper travel, shared stays and local transport; fixed costs are separate when known."
dest_0484,Desert,Rajasthan,India,West,Nature,nature|slow,4-6,17.9,15000,"Desert offers a mix of nature, slow experiences, making it a useful option for a group escape.",curated-from-tourism-sources,2026-09-30,False,"Planning estimate, not a live quote. Verify routes, permits, weather, opening hours and accommodation before booking.",https://www.tourism.rajasthan.gov.in/,0,6750,15000,930,"Jugaad floor assumes lower-cost rail/general/sleeper travel, shared stays and local transport; fixed costs are separate when known."
dest_0485,Keoladeo,Rajasthan,India,West,Nature,nature|slow,4-6,18.3,22000,"Keoladeo offers a mix of nature, slow experiences, making it a useful option for a group escape.",curated-from-tourism-sources,2026-09-30,False,"Planning estimate, not a live quote. Verify routes, permits, weather, opening hours and accommodation before booking.",https://www.tourism.rajasthan.gov.in/,0,9900,22000,950,"Jugaad floor assumes lower-cost rail/general/sleeper travel, shared stays and local transport; fixed costs are separate when known."
dest_0486,Deeg,Rajasthan,India,West,Nature,nature|slow,4-6,15.8,9000,"Deeg offers a mix of nature, slow experiences, making it a useful option for a group escape.",curated-from-tourism-sources,2026-09-30,False,"Planning estimate, not a live quote. Verify routes, permits, weather, opening hours and accommodation before booking.",https://www.tourism.rajasthan.gov.in/,0,4050,9000,820,"Jugaad floor assumes lower-cost rail/general/sleeper travel, shared stays and local transport; fixed costs are separate when known."
dest_0487,Alappuzha,Kerala,India,South,Nature,nature|slow,4-6,19.4,9000,"Alappuzha offers a mix of nature, slow experiences, making it a useful option for a group escape.",curated-from-tourism-sources,2026-09-30,False,"Planning estimate, not a live quote. Verify routes, permits, weather, opening hours and accommodation before booking.",https://www.keralatourism.org/,0,4050,9000,1010,"Jugaad floor assumes lower-cost rail/general/sleeper travel, shared stays and local transport; fixed costs are separate when known."
dest_0488,Thrissur,Kerala,India,South,Nature,nature|slow,4-6,21.0,15000,"Thrissur offers a mix of nature, slow experiences, making it a useful option for a group escape.",curated-from-tourism-sources,2026-09-30,False,"Planning estimate, not a live quote. Verify routes, permits, weather, opening hours and accommodation before booking.",https://www.keralatourism.org/,0,6750,15000,1090,"Jugaad floor assumes lower-cost rail/general/sleeper travel, shared stays and local transport; fixed costs are separate when known."
dest_0489,Kollam,Kerala,India,South,Nature,nature|slow,4-6,19.0,15000,"Kollam offers a mix of nature, slow experiences, making it a useful option for a group escape.",curated-from-tourism-sources,2026-09-30,False,"Planning estimate, not a live quote. Verify routes, permits, weather, opening hours and accommodation before booking.",https://www.keralatourism.org/,0,6750,15000,990,"Jugaad floor assumes lower-cost rail/general/sleeper travel, shared stays and local transport; fixed costs are separate when known."
dest_0490,Munroe,Kerala,India,South,Nature,nature|slow,4-6,21.8,15000,"Munroe offers a mix of nature, slow experiences, making it a useful option for a group escape.",curated-from-tourism-sources,2026-09-30,False,"Planning estimate, not a live quote. Verify routes, permits, weather, opening hours and accommodation before booking.",https://www.keralatourism.org/,0,6750,15000,1135,"Jugaad floor assumes lower-cost rail/general/sleeper travel, shared stays and local transport; fixed costs are separate when known."
dest_0491,Island,Kerala,India,South,Nature,nature|slow,4-6,19.4,12000,"Island offers a mix of nature, slow experiences, making it a useful option for a group escape.",curated-from-tourism-sources,2026-09-30,False,"Planning estimate, not a live quote. Verify routes, permits, weather, opening hours and accommodation before booking.",https://www.keralatourism.org/,0,5400,12000,1010,"Jugaad floor assumes lower-cost rail/general/sleeper travel, shared stays and local transport; fixed costs are separate when known."
dest_0492,Athirappilly,Kerala,India,South,Nature,nature|slow,4-6,18.3,22000,"Athirappilly offers a mix of nature, slow experiences, making it a useful option for a group escape.",curated-from-tourism-sources,2026-09-30,False,"Planning estimate, not a live quote. Verify routes, permits, weather, opening hours and accommodation before booking.",https://www.keralatourism.org/,0,9900,22000,950,"Jugaad floor assumes lower-cost rail/general/sleeper travel, shared stays and local transport; fixed costs are separate when known."
dest_0493,Fort,Kerala,India,South,Heritage,adventure|history,4-6,21.5,18000,"Fort offers a mix of adventure, history experiences, making it a useful option for a group escape.",curated-from-tourism-sources,2026-09-30,False,"Planning estimate, not a live quote. Verify routes, permits, weather, opening hours and accommodation before booking.",https://www.keralatourism.org/,0,8100,18000,1120,"Jugaad floor assumes lower-cost rail/general/sleeper travel, shared stays and local transport; fixed costs are separate when known."
dest_0494,Cherai,Kerala,India,South,Coastal,beach,4-6,18.0,18000,"Cherai offers a mix of beach experiences, making it a useful option for a group escape.",curated-from-tourism-sources,2026-09-30,False,"Planning estimate, not a live quote. Verify routes, permits, weather, opening hours and accommodation before booking.",https://www.keralatourism.org/,0,8100,18000,935,"Jugaad floor assumes lower-cost rail/general/sleeper travel, shared stays and local transport; fixed costs are separate when known."
dest_0495,Poovar,Kerala,India,South,Nature,nature|slow,4-6,19.5,22000,"Poovar offers a mix of nature, slow experiences, making it a useful option for a group escape.",curated-from-tourism-sources,2026-09-30,False,"Planning estimate, not a live quote. Verify routes, permits, weather, opening hours and accommodation before booking.",https://www.keralatourism.org/,0,9900,22000,1015,"Jugaad floor assumes lower-cost rail/general/sleeper travel, shared stays and local transport; fixed costs are separate when known."
dest_0496,Thenmala,Kerala,India,South,Nature,nature|slow,4-6,21.7,9000,"Thenmala offers a mix of nature, slow experiences, making it a useful option for a group escape.",curated-from-tourism-sources,2026-09-30,False,"Planning estimate, not a live quote. Verify routes, permits, weather, opening hours and accommodation before booking.",https://www.keralatourism.org/,0,4050,9000,1130,"Jugaad floor assumes lower-cost rail/general/sleeper travel, shared stays and local transport; fixed costs are separate when known."
dest_0497,Ponmudi,Kerala,India,South,Nature,nature|slow,4-6,18.5,18000,"Ponmudi offers a mix of nature, slow experiences, making it a useful option for a group escape.",curated-from-tourism-sources,2026-09-30,False,"Planning estimate, not a live quote. Verify routes, permits, weather, opening hours and accommodation before booking.",https://www.keralatourism.org/,0,8100,18000,960,"Jugaad floor assumes lower-cost rail/general/sleeper travel, shared stays and local transport; fixed costs are separate when known."
dest_0498,Idukki,Kerala,India,South,Nature,nature|slow,4-6,20.2,9000,"Idukki offers a mix of nature, slow experiences, making it a useful option for a group escape.",curated-from-tourism-sources,2026-09-30,False,"Planning estimate, not a live quote. Verify routes, permits, weather, opening hours and accommodation before booking.",https://www.keralatourism.org/,0,4050,9000,1050,"Jugaad floor assumes lower-cost rail/general/sleeper travel, shared stays and local transport; fixed costs are separate when known."
dest_0499,Gavi,Kerala,India,South,Nature,nature|slow,4-6,19.0,9000,"Gavi offers a mix of nature, slow experiences, making it a useful option for a group escape.",curated-from-tourism-sources,2026-09-30,False,"Planning estimate, not a live quote. Verify routes, permits, weather, opening hours and accommodation before booking.",https://www.keralatourism.org/,0,4050,9000,990,"Jugaad floor assumes lower-cost rail/general/sleeper travel, shared stays and local transport; fixed costs are separate when known."
dest_0500,Silent,Kerala,India,South,Nature,nature|slow,4-6,22.4,12000,"Silent offers a mix of nature, slow experiences, making it a useful option for a group escape.",curated-from-tourism-sources,2026-09-30,False,"Planning estimate, not a live quote. Verify routes, permits, weather, opening hours and accommodation before booking.",https://www.keralatourism.org/,0,5400,12000,1165,"Jugaad floor assumes lower-cost rail/general/sleeper travel, shared stays and local transport; fixed costs are separate when known."
dest_0501,Parambikulam,Kerala,India,South,Nature,nature|slow,4-6,18.9,18000,"Parambikulam offers a mix of nature, slow experiences, making it a useful option for a group escape.",curated-from-tourism-sources,2026-09-30,False,"Planning estimate, not a live quote. Verify routes, permits, weather, opening hours and accommodation before booking.",https://www.keralatourism.org/,0,8100,18000,985,"Jugaad floor assumes lower-cost rail/general/sleeper travel, shared stays and local transport; fixed costs are separate when known."
dest_0502,Kasaragod,Kerala,India,South,Nature,nature|slow,4-6,19.6,15000,"Kasaragod offers a mix of nature, slow experiences, making it a useful option for a group escape.",curated-from-tourism-sources,2026-09-30,False,"Planning estimate, not a live quote. Verify routes, permits, weather, opening hours and accommodation before booking.",https://www.keralatourism.org/,0,6750,15000,1020,"Jugaad floor assumes lower-cost rail/general/sleeper travel, shared stays and local transport; fixed costs are separate when known."
dest_0503,Kappad,Kerala,India,South,Nature,nature|slow,4-6,21.7,9000,"Kappad offers a mix of nature, slow experiences, making it a useful option for a group escape.",curated-from-tourism-sources,2026-09-30,False,"Planning estimate, not a live quote. Verify routes, permits, weather, opening hours and accommodation before booking.",https://www.keralatourism.org/,0,4050,9000,1130,"Jugaad floor assumes lower-cost rail/general/sleeper travel, shared stays and local transport; fixed costs are separate when known."
dest_0504,Kumbakonam,Tamil Nadu,India,South,Nature,nature|slow,4-6,18.5,22000,"Kumbakonam offers a mix of nature, slow experiences, making it a useful option for a group escape.",curated-from-tourism-sources,2026-09-30,False,"Planning estimate, not a live quote. Verify routes, permits, weather, opening hours and accommodation before booking.",https://www.tamilnadutourism.tn.gov.in/,0,9900,22000,960,"Jugaad floor assumes lower-cost rail/general/sleeper travel, shared stays and local transport; fixed costs are separate when known."
dest_0505,Trichy,Tamil Nadu,India,South,Nature,nature|slow,4-6,19.9,15000,"Trichy offers a mix of nature, slow experiences, making it a useful option for a group escape.",curated-from-tourism-sources,2026-09-30,False,"Planning estimate, not a live quote. Verify routes, permits, weather, opening hours and accommodation before booking.",https://www.tamilnadutourism.tn.gov.in/,0,6750,15000,1035,"Jugaad floor assumes lower-cost rail/general/sleeper travel, shared stays and local transport; fixed costs are separate when known."
dest_0506,Coimbatore,Tamil Nadu,India,South,Nature,nature|slow,4-6,22.2,22000,"Coimbatore offers a mix of nature, slow experiences, making it a useful option for a group escape.",curated-from-tourism-sources,2026-09-30,False,"Planning estimate, not a live quote. Verify routes, permits, weather, opening hours and accommodation before booking.",https://www.tamilnadutourism.tn.gov.in/,0,9900,22000,1155,"Jugaad floor assumes lower-cost rail/general/sleeper travel, shared stays and local transport; fixed costs are separate when known."
dest_0507,Valparai,Tamil Nadu,India,South,Nature,nature|slow,4-6,21.9,12000,"Valparai offers a mix of nature, slow experiences, making it a useful option for a group escape.",curated-from-tourism-sources,2026-09-30,False,"Planning estimate, not a live quote. Verify routes, permits, weather, opening hours and accommodation before booking.",https://www.tamilnadutourism.tn.gov.in/,0,5400,12000,1140,"Jugaad floor assumes lower-cost rail/general/sleeper travel, shared stays and local transport; fixed costs are separate when known."
dest_0508,Meghamalai,Tamil Nadu,India,South,Nature,nature|slow,4-6,22.1,15000,"Meghamalai offers a mix of nature, slow experiences, making it a useful option for a group escape.",curated-from-tourism-sources,2026-09-30,False,"Planning estimate, not a live quote. Verify routes, permits, weather, opening hours and accommodation before booking.",https://www.tamilnadutourism.tn.gov.in/,0,6750,15000,1150,"Jugaad floor assumes lower-cost rail/general/sleeper travel, shared stays and local transport; fixed costs are separate when known."
dest_0509,Yelagiri,Tamil Nadu,India,South,Nature,nature|slow,4-6,21.8,9000,"Yelagiri offers a mix of nature, slow experiences, making it a useful option for a group escape.",curated-from-tourism-sources,2026-09-30,False,"Planning estimate, not a live quote. Verify routes, permits, weather, opening hours and accommodation before booking.",https://www.tamilnadutourism.tn.gov.in/,0,4050,9000,1135,"Jugaad floor assumes lower-cost rail/general/sleeper travel, shared stays and local transport; fixed costs are separate when known."
dest_0510,Kotagiri,Tamil Nadu,India,South,Nature,nature|slow,4-6,21.8,9000,"Kotagiri offers a mix of nature, slow experiences, making it a useful option for a group escape.",curated-from-tourism-sources,2026-09-30,False,"Planning estimate, not a live quote. Verify routes, permits, weather, opening hours and accommodation before booking.",https://www.tamilnadutourism.tn.gov.in/,0,4050,9000,1135,"Jugaad floor assumes lower-cost rail/general/sleeper travel, shared stays and local transport; fixed costs are separate when known."
dest_0511,Mudumalai,Tamil Nadu,India,South,Nature,nature|slow,4-6,22.3,18000,"Mudumalai offers a mix of nature, slow experiences, making it a useful option for a group escape.",curated-from-tourism-sources,2026-09-30,False,"Planning estimate, not a live quote. Verify routes, permits, weather, opening hours and accommodation before booking.",https://www.tamilnadutourism.tn.gov.in/,0,8100,18000,1160,"Jugaad floor assumes lower-cost rail/general/sleeper travel, shared stays and local transport; fixed costs are separate when known."
dest_0512,Dhanushkodi,Tamil Nadu,India,South,Nature,nature|slow,4-6,20.0,22000,"Dhanushkodi offers a mix of nature, slow experiences, making it a useful option for a group escape.",curated-from-tourism-sources,2026-09-30,False,"Planning estimate, not a live quote. Verify routes, permits, weather, opening hours and accommodation before booking.",https://www.tamilnadutourism.tn.gov.in/,0,9900,22000,1040,"Jugaad floor assumes lower-cost rail/general/sleeper travel, shared stays and local transport; fixed costs are separate when known."
dest_0513,Chettinad,Tamil Nadu,India,South,Nature,nature|slow,4-6,21.5,18000,"Chettinad offers a mix of nature, slow experiences, making it a useful option for a group escape.",curated-from-tourism-sources,2026-09-30,False,"Planning estimate, not a live quote. Verify routes, permits, weather, opening hours and accommodation before booking.",https://www.tamilnadutourism.tn.gov.in/,0,8100,18000,1120,"Jugaad floor assumes lower-cost rail/general/sleeper travel, shared stays and local transport; fixed costs are separate when known."
dest_0514,Karaikudi,Tamil Nadu,India,South,Nature,nature|slow,4-6,17.9,15000,"Karaikudi offers a mix of nature, slow experiences, making it a useful option for a group escape.",curated-from-tourism-sources,2026-09-30,False,"Planning estimate, not a live quote. Verify routes, permits, weather, opening hours and accommodation before booking.",https://www.tamilnadutourism.tn.gov.in/,0,6750,15000,930,"Jugaad floor assumes lower-cost rail/general/sleeper travel, shared stays and local transport; fixed costs are separate when known."
dest_0515,Pollachi,Tamil Nadu,India,South,Nature,nature|slow,4-6,21.5,18000,"Pollachi offers a mix of nature, slow experiences, making it a useful option for a group escape.",curated-from-tourism-sources,2026-09-30,False,"Planning estimate, not a live quote. Verify routes, permits, weather, opening hours and accommodation before booking.",https://www.tamilnadutourism.tn.gov.in/,0,8100,18000,1120,"Jugaad floor assumes lower-cost rail/general/sleeper travel, shared stays and local transport; fixed costs are separate when known."
dest_0516,Topslip,Tamil Nadu,India,South,Nature,nature|slow,4-6,19.4,22000,"Topslip offers a mix of nature, slow experiences, making it a useful option for a group escape.",curated-from-tourism-sources,2026-09-30,False,"Planning estimate, not a live quote. Verify routes, permits, weather, opening hours and accommodation before booking.",https://www.tamilnadutourism.tn.gov.in/,0,9900,22000,1010,"Jugaad floor assumes lower-cost rail/general/sleeper travel, shared stays and local transport; fixed costs are separate when known."
dest_0517,Courtallam,Tamil Nadu,India,South,Nature,nature|slow,4-6,20.4,15000,"Courtallam offers a mix of nature, slow experiences, making it a useful option for a group escape.",curated-from-tourism-sources,2026-09-30,False,"Planning estimate, not a live quote. Verify routes, permits, weather, opening hours and accommodation before booking.",https://www.tamilnadutourism.tn.gov.in/,0,6750,15000,1060,"Jugaad floor assumes lower-cost rail/general/sleeper travel, shared stays and local transport; fixed costs are separate when known."
dest_0518,Hogenakkal,Tamil Nadu,India,South,Nature,nature|slow,4-6,22.4,9000,"Hogenakkal offers a mix of nature, slow experiences, making it a useful option for a group escape.",curated-from-tourism-sources,2026-09-30,False,"Planning estimate, not a live quote. Verify routes, permits, weather, opening hours and accommodation before booking.",https://www.tamilnadutourism.tn.gov.in/,0,4050,9000,1165,"Jugaad floor assumes lower-cost rail/general/sleeper travel, shared stays and local transport; fixed costs are separate when known."
dest_0519,Pichavaram,Tamil Nadu,India,South,Nature,nature|slow,4-6,22.5,15000,"Pichavaram offers a mix of nature, slow experiences, making it a useful option for a group escape.",curated-from-tourism-sources,2026-09-30,False,"Planning estimate, not a live quote. Verify routes, permits, weather, opening hours and accommodation before booking.",https://www.tamilnadutourism.tn.gov.in/,0,6750,15000,1170,"Jugaad floor assumes lower-cost rail/general/sleeper travel, shared stays and local transport; fixed costs are separate when known."
dest_0520,Chidambaram,Tamil Nadu,India,South,Nature,nature|slow,4-6,21.3,12000,"Chidambaram offers a mix of nature, slow experiences, making it a useful option for a group escape.",curated-from-tourism-sources,2026-09-30,False,"Planning estimate, not a live quote. Verify routes, permits, weather, opening hours and accommodation before booking.",https://www.tamilnadutourism.tn.gov.in/,0,5400,12000,1110,"Jugaad floor assumes lower-cost rail/general/sleeper travel, shared stays and local transport; fixed costs are separate when known."
dest_0521,Tiruvannamalai,Tamil Nadu,India,South,Nature,nature|slow,4-6,22.1,12000,"Tiruvannamalai offers a mix of nature, slow experiences, making it a useful option for a group escape.",curated-from-tourism-sources,2026-09-30,False,"Planning estimate, not a live quote. Verify routes, permits, weather, opening hours and accommodation before booking.",https://www.tamilnadutourism.tn.gov.in/,0,5400,12000,1150,"Jugaad floor assumes lower-cost rail/general/sleeper travel, shared stays and local transport; fixed costs are separate when known."
dest_0522,Auroville,Tamil Nadu,India,South,Nature,nature|slow,4-6,18.6,15000,"Auroville offers a mix of nature, slow experiences, making it a useful option for a group escape.",curated-from-tourism-sources,2026-09-30,False,"Planning estimate, not a live quote. Verify routes, permits, weather, opening hours and accommodation before booking.",https://www.tamilnadutourism.tn.gov.in/,0,6750,15000,965,"Jugaad floor assumes lower-cost rail/general/sleeper travel, shared stays and local transport; fixed costs are separate when known."
dest_0523,Araku,Andhra Pradesh,India,South,Nature,nature|slow,4-6,17.5,9000,"Araku offers a mix of nature, slow experiences, making it a useful option for a group escape.",curated-from-tourism-sources,2026-09-30,False,"Planning estimate, not a live quote. Verify routes, permits, weather, opening hours and accommodation before booking.",,0,4050,9000,910,"Jugaad floor assumes lower-cost rail/general/sleeper travel, shared stays and local transport; fixed costs are separate when known."
dest_0524,Amaravati,Andhra Pradesh,India,South,Nature,nature|slow,4-6,17.5,22000,"Amaravati offers a mix of nature, slow experiences, making it a useful option for a group escape.",curated-from-tourism-sources,2026-09-30,False,"Planning estimate, not a live quote. Verify routes, permits, weather, opening hours and accommodation before booking.",,0,9900,22000,910,"Jugaad floor assumes lower-cost rail/general/sleeper travel, shared stays and local transport; fixed costs are separate when known."
dest_0525,Horsley,Andhra Pradesh,India,South,Nature,nature|slow,4-6,15.7,12000,"Horsley offers a mix of nature, slow experiences, making it a useful option for a group escape.",curated-from-tourism-sources,2026-09-30,False,"Planning estimate, not a live quote. Verify routes, permits, weather, opening hours and accommodation before booking.",,0,5400,12000,815,"Jugaad floor assumes lower-cost rail/general/sleeper travel, shared stays and local transport; fixed costs are separate when known."
dest_0526,Gandikota,Andhra Pradesh,India,South,Nature,nature|slow,4-6,18.4,18000,"Gandikota offers a mix of nature, slow experiences, making it a useful option for a group escape.",curated-from-tourism-sources,2026-09-30,False,"Planning estimate, not a live quote. Verify routes, permits, weather, opening hours and accommodation before booking.",,0,8100,18000,955,"Jugaad floor assumes lower-cost rail/general/sleeper travel, shared stays and local transport; fixed costs are separate when known."
dest_0527,Papikondalu,Andhra Pradesh,India,South,Nature,nature|slow,4-6,15.7,18000,"Papikondalu offers a mix of nature, slow experiences, making it a useful option for a group escape.",curated-from-tourism-sources,2026-09-30,False,"Planning estimate, not a live quote. Verify routes, permits, weather, opening hours and accommodation before booking.",,0,8100,18000,815,"Jugaad floor assumes lower-cost rail/general/sleeper travel, shared stays and local transport; fixed costs are separate when known."
dest_0528,Srisailam,Andhra Pradesh,India,South,Nature,nature|slow,4-6,17.9,15000,"Srisailam offers a mix of nature, slow experiences, making it a useful option for a group escape.",curated-from-tourism-sources,2026-09-30,False,"Planning estimate, not a live quote. Verify routes, permits, weather, opening hours and accommodation before booking.",,0,6750,15000,930,"Jugaad floor assumes lower-cost rail/general/sleeper travel, shared stays and local transport; fixed costs are separate when known."
dest_0529,Borra,Andhra Pradesh,India,South,Nature,nature|slow,4-6,16.6,12000,"Borra offers a mix of nature, slow experiences, making it a useful option for a group escape.",curated-from-tourism-sources,2026-09-30,False,"Planning estimate, not a live quote. Verify routes, permits, weather, opening hours and accommodation before booking.",,0,5400,12000,865,"Jugaad floor assumes lower-cost rail/general/sleeper travel, shared stays and local transport; fixed costs are separate when known."
dest_0530,Caves,Andhra Pradesh,India,South,Heritage,adventure|history,4-6,14.7,7500,"Caves offers a mix of adventure, history experiences, making it a useful option for a group escape.",curated-from-tourism-sources,2026-09-30,False,"Planning estimate, not a live quote. Verify routes, permits, weather, opening hours and accommodation before booking.",,0,3400,7500,765,"Jugaad floor assumes lower-cost rail/general/sleeper travel, shared stays and local transport; fixed costs are separate when known."
dest_0531,Kurnool,Andhra Pradesh,India,South,Nature,nature|slow,4-6,15.5,9000,"Kurnool offers a mix of nature, slow experiences, making it a useful option for a group escape.",curated-from-tourism-sources,2026-09-30,False,"Planning estimate, not a live quote. Verify routes, permits, weather, opening hours and accommodation before booking.",,0,4050,9000,805,"Jugaad floor assumes lower-cost rail/general/sleeper travel, shared stays and local transport; fixed costs are separate when known."
dest_0532,Maredumilli,Andhra Pradesh,India,South,Nature,nature|slow,4-6,15.0,9000,"Maredumilli offers a mix of nature, slow experiences, making it a useful option for a group escape.",curated-from-tourism-sources,2026-09-30,False,"Planning estimate, not a live quote. Verify routes, permits, weather, opening hours and accommodation before booking.",,0,4050,9000,780,"Jugaad floor assumes lower-cost rail/general/sleeper travel, shared stays and local transport; fixed costs are separate when known."
dest_0533,Konaseema,Andhra Pradesh,India,South,Nature,nature|slow,4-6,13.7,7500,"Konaseema offers a mix of nature, slow experiences, making it a useful option for a group escape.",curated-from-tourism-sources,2026-09-30,False,"Planning estimate, not a live quote. Verify routes, permits, weather, opening hours and accommodation before booking.",,0,3400,7500,710,"Jugaad floor assumes lower-cost rail/general/sleeper travel, shared stays and local transport; fixed costs are separate when known."
dest_0534,Machilipatnam,Andhra Pradesh,India,South,Nature,nature|slow,4-6,17.7,12000,"Machilipatnam offers a mix of nature, slow experiences, making it a useful option for a group escape.",curated-from-tourism-sources,2026-09-30,False,"Planning estimate, not a live quote. Verify routes, permits, weather, opening hours and accommodation before booking.",,0,5400,12000,920,"Jugaad floor assumes lower-cost rail/general/sleeper travel, shared stays and local transport; fixed costs are separate when known."
dest_0535,Bapatla,Andhra Pradesh,India,South,Nature,nature|slow,4-6,15.5,12000,"Bapatla offers a mix of nature, slow experiences, making it a useful option for a group escape.",curated-from-tourism-sources,2026-09-30,False,"Planning estimate, not a live quote. Verify routes, permits, weather, opening hours and accommodation before booking.",,0,5400,12000,805,"Jugaad floor assumes lower-cost rail/general/sleeper travel, shared stays and local transport; fixed costs are separate when known."
dest_0536,Suryalanka,Andhra Pradesh,India,South,Nature,nature|slow,4-6,14.4,11000,"Suryalanka offers a mix of nature, slow experiences, making it a useful option for a group escape.",curated-from-tourism-sources,2026-09-30,False,"Planning estimate, not a live quote. Verify routes, permits, weather, opening hours and accommodation before booking.",,0,4950,11000,750,"Jugaad floor assumes lower-cost rail/general/sleeper travel, shared stays and local transport; fixed costs are separate when known."
dest_0537,Ramappa,Telangana,India,South,Nature,nature|slow,4-6,15.5,15000,"Ramappa offers a mix of nature, slow experiences, making it a useful option for a group escape.",curated-from-tourism-sources,2026-09-30,False,"Planning estimate, not a live quote. Verify routes, permits, weather, opening hours and accommodation before booking.",,0,6750,15000,805,"Jugaad floor assumes lower-cost rail/general/sleeper travel, shared stays and local transport; fixed costs are separate when known."
dest_0538,Temple,Telangana,India,South,Heritage,history|culture,4-6,13.6,9000,"Temple offers a mix of history, culture experiences, making it a useful option for a group escape.",curated-from-tourism-sources,2026-09-30,False,"Planning estimate, not a live quote. Verify routes, permits, weather, opening hours and accommodation before booking.",,0,4050,9000,705,"Jugaad floor assumes lower-cost rail/general/sleeper travel, shared stays and local transport; fixed costs are separate when known."
dest_0539,Bhadrachalam,Telangana,India,South,Nature,nature|slow,4-6,13.3,11000,"Bhadrachalam offers a mix of nature, slow experiences, making it a useful option for a group escape.",curated-from-tourism-sources,2026-09-30,False,"Planning estimate, not a live quote. Verify routes, permits, weather, opening hours and accommodation before booking.",,0,4950,11000,690,"Jugaad floor assumes lower-cost rail/general/sleeper travel, shared stays and local transport; fixed costs are separate when known."
dest_0540,Nagarjuna,Telangana,India,South,Nature,nature|slow,4-6,14.6,9000,"Nagarjuna offers a mix of nature, slow experiences, making it a useful option for a group escape.",curated-from-tourism-sources,2026-09-30,False,"Planning estimate, not a live quote. Verify routes, permits, weather, opening hours and accommodation before booking.",,0,4050,9000,760,"Jugaad floor assumes lower-cost rail/general/sleeper travel, shared stays and local transport; fixed costs are separate when known."
dest_0541,Sagar,Telangana,India,South,Nature,nature|slow,4-6,12.1,13000,"Sagar offers a mix of nature, slow experiences, making it a useful option for a group escape.",curated-from-tourism-sources,2026-09-30,False,"Planning estimate, not a live quote. Verify routes, permits, weather, opening hours and accommodation before booking.",,0,5850,13000,630,"Jugaad floor assumes lower-cost rail/general/sleeper travel, shared stays and local transport; fixed costs are separate when known."
dest_0542,Ananthagiri,Telangana,India,South,Nature,nature|slow,4-6,15.3,12000,"Ananthagiri offers a mix of nature, slow experiences, making it a useful option for a group escape.",curated-from-tourism-sources,2026-09-30,False,"Planning estimate, not a live quote. Verify routes, permits, weather, opening hours and accommodation before booking.",,0,5400,12000,795,"Jugaad floor assumes lower-cost rail/general/sleeper travel, shared stays and local transport; fixed costs are separate when known."
dest_0543,Vikarabad,Telangana,India,South,Nature,nature|slow,4-6,13.9,9000,"Vikarabad offers a mix of nature, slow experiences, making it a useful option for a group escape.",curated-from-tourism-sources,2026-09-30,False,"Planning estimate, not a live quote. Verify routes, permits, weather, opening hours and accommodation before booking.",,0,4050,9000,725,"Jugaad floor assumes lower-cost rail/general/sleeper travel, shared stays and local transport; fixed costs are separate when known."
dest_0544,Medak,Telangana,India,South,Nature,nature|slow,4-6,14.9,11000,"Medak offers a mix of nature, slow experiences, making it a useful option for a group escape.",curated-from-tourism-sources,2026-09-30,False,"Planning estimate, not a live quote. Verify routes, permits, weather, opening hours and accommodation before booking.",,0,4950,11000,775,"Jugaad floor assumes lower-cost rail/general/sleeper travel, shared stays and local transport; fixed costs are separate when known."
dest_0545,Nizamabad,Telangana,India,South,Nature,nature|slow,4-6,14.7,6000,"Nizamabad offers a mix of nature, slow experiences, making it a useful option for a group escape.",curated-from-tourism-sources,2026-09-30,False,"Planning estimate, not a live quote. Verify routes, permits, weather, opening hours and accommodation before booking.",,0,2700,6000,765,"Jugaad floor assumes lower-cost rail/general/sleeper travel, shared stays and local transport; fixed costs are separate when known."
dest_0546,Karimnagar,Telangana,India,South,Nature,nature|slow,4-6,14.5,13000,"Karimnagar offers a mix of nature, slow experiences, making it a useful option for a group escape.",curated-from-tourism-sources,2026-09-30,False,"Planning estimate, not a live quote. Verify routes, permits, weather, opening hours and accommodation before booking.",,0,5850,13000,755,"Jugaad floor assumes lower-cost rail/general/sleeper travel, shared stays and local transport; fixed costs are separate when known."
dest_0547,Adilabad,Telangana,India,South,Nature,nature|slow,3-4,11.6,9000,"Adilabad offers a mix of nature, slow experiences, making it a useful option for a group escape.",curated-from-tourism-sources,2026-09-30,False,"Planning estimate, not a live quote. Verify routes, permits, weather, opening hours and accommodation before booking.",,0,4050,9000,605,"Jugaad floor assumes lower-cost rail/general/sleeper travel, shared stays and local transport; fixed costs are separate when known."
dest_0548,Basara,Telangana,India,South,Nature,nature|slow,4-6,13.8,11000,"Basara offers a mix of nature, slow experiences, making it a useful option for a group escape.",curated-from-tourism-sources,2026-09-30,False,"Planning estimate, not a live quote. Verify routes, permits, weather, opening hours and accommodation before booking.",,0,4950,11000,720,"Jugaad floor assumes lower-cost rail/general/sleeper travel, shared stays and local transport; fixed costs are separate when known."
dest_0549,Pocharam,Telangana,India,South,Nature,nature|slow,4-6,12.1,6000,"Pocharam offers a mix of nature, slow experiences, making it a useful option for a group escape.",curated-from-tourism-sources,2026-09-30,False,"Planning estimate, not a live quote. Verify routes, permits, weather, opening hours and accommodation before booking.",,0,2700,6000,630,"Jugaad floor assumes lower-cost rail/general/sleeper travel, shared stays and local transport; fixed costs are separate when known."
dest_0550,Laknavaram,Telangana,India,South,Nature,nature|slow,4-6,15.8,18000,"Laknavaram offers a mix of nature, slow experiences, making it a useful option for a group escape.",curated-from-tourism-sources,2026-09-30,False,"Planning estimate, not a live quote. Verify routes, permits, weather, opening hours and accommodation before booking.",,0,8100,18000,820,"Jugaad floor assumes lower-cost rail/general/sleeper travel, shared stays and local transport; fixed costs are separate when known."
dest_0551,Bogatha,Telangana,India,South,Nature,nature|slow,4-6,13.4,6000,"Bogatha offers a mix of nature, slow experiences, making it a useful option for a group escape.",curated-from-tourism-sources,2026-09-30,False,"Planning estimate, not a live quote. Verify routes, permits, weather, opening hours and accommodation before booking.",,0,2700,6000,695,"Jugaad floor assumes lower-cost rail/general/sleeper travel, shared stays and local transport; fixed costs are separate when known."
dest_0552,Kuntala,Telangana,India,South,Nature,nature|slow,4-6,13.4,13000,"Kuntala offers a mix of nature, slow experiences, making it a useful option for a group escape.",curated-from-tourism-sources,2026-09-30,False,"Planning estimate, not a live quote. Verify routes, permits, weather, opening hours and accommodation before booking.",,0,5850,13000,695,"Jugaad floor assumes lower-cost rail/general/sleeper travel, shared stays and local transport; fixed costs are separate when known."
dest_0553,Pakhal,Telangana,India,South,Nature,nature|slow,3-4,11.9,7500,"Pakhal offers a mix of nature, slow experiences, making it a useful option for a group escape.",curated-from-tourism-sources,2026-09-30,False,"Planning estimate, not a live quote. Verify routes, permits, weather, opening hours and accommodation before booking.",,0,3400,7500,620,"Jugaad floor assumes lower-cost rail/general/sleeper travel, shared stays and local transport; fixed costs are separate when known."
dest_0554,Baripada,Odisha,India,East,Nature,nature|slow,4-6,26.2,9000,"Baripada offers a mix of nature, slow experiences, making it a useful option for a group escape.",curated-from-tourism-sources,2026-09-30,False,"Planning estimate, not a live quote. Verify routes, permits, weather, opening hours and accommodation before booking.",https://odishatourism.gov.in/,0,4050,9000,1360,"Jugaad floor assumes lower-cost rail/general/sleeper travel, shared stays and local transport; fixed costs are separate when known."
dest_0555,Satkosia,Odisha,India,East,Nature,nature|slow,4-6,22.1,12000,"Satkosia offers a mix of nature, slow experiences, making it a useful option for a group escape.",curated-from-tourism-sources,2026-09-30,False,"Planning estimate, not a live quote. Verify routes, permits, weather, opening hours and accommodation before booking.",https://odishatourism.gov.in/,0,5400,12000,1150,"Jugaad floor assumes lower-cost rail/general/sleeper travel, shared stays and local transport; fixed costs are separate when known."
dest_0556,Koraput,Odisha,India,East,Nature,nature|slow,4-6,26.4,22000,"Koraput offers a mix of nature, slow experiences, making it a useful option for a group escape.",curated-from-tourism-sources,2026-09-30,False,"Planning estimate, not a live quote. Verify routes, permits, weather, opening hours and accommodation before booking.",https://odishatourism.gov.in/,0,9900,22000,1375,"Jugaad floor assumes lower-cost rail/general/sleeper travel, shared stays and local transport; fixed costs are separate when known."
dest_0557,Rayagada,Odisha,India,East,Nature,nature|slow,4-6,25.3,12000,"Rayagada offers a mix of nature, slow experiences, making it a useful option for a group escape.",curated-from-tourism-sources,2026-09-30,False,"Planning estimate, not a live quote. Verify routes, permits, weather, opening hours and accommodation before booking.",https://odishatourism.gov.in/,0,5400,12000,1315,"Jugaad floor assumes lower-cost rail/general/sleeper travel, shared stays and local transport; fixed costs are separate when known."
dest_0558,Chandipur,Odisha,India,East,Coastal,beach,4-6,24.1,18000,"Chandipur offers a mix of beach experiences, making it a useful option for a group escape.",curated-from-tourism-sources,2026-09-30,False,"Planning estimate, not a live quote. Verify routes, permits, weather, opening hours and accommodation before booking.",https://odishatourism.gov.in/,0,8100,18000,1255,"Jugaad floor assumes lower-cost rail/general/sleeper travel, shared stays and local transport; fixed costs are separate when known."
dest_0559,Bhitarkanika,Odisha,India,East,Nature,nature|slow,4-6,23.9,18000,"Bhitarkanika offers a mix of nature, slow experiences, making it a useful option for a group escape.",curated-from-tourism-sources,2026-09-30,False,"Planning estimate, not a live quote. Verify routes, permits, weather, opening hours and accommodation before booking.",https://odishatourism.gov.in/,0,8100,18000,1245,"Jugaad floor assumes lower-cost rail/general/sleeper travel, shared stays and local transport; fixed costs are separate when known."
dest_0560,Dhauli,Odisha,India,East,Hill,mountains,4-6,25.7,12000,"Dhauli offers a mix of mountains experiences, making it a useful option for a group escape.",curated-from-tourism-sources,2026-09-30,False,"Planning estimate, not a live quote. Verify routes, permits, weather, opening hours and accommodation before booking.",https://odishatourism.gov.in/,0,5400,12000,1335,"Jugaad floor assumes lower-cost rail/general/sleeper travel, shared stays and local transport; fixed costs are separate when known."
dest_0561,Raghurajpur,Odisha,India,East,Nature,nature|slow,4-6,23.0,15000,"Raghurajpur offers a mix of nature, slow experiences, making it a useful option for a group escape.",curated-from-tourism-sources,2026-09-30,False,"Planning estimate, not a live quote. Verify routes, permits, weather, opening hours and accommodation before booking.",https://odishatourism.gov.in/,0,6750,15000,1195,"Jugaad floor assumes lower-cost rail/general/sleeper travel, shared stays and local transport; fixed costs are separate when known."
dest_0562,Pipili,Odisha,India,East,Nature,nature|slow,4-6,24.5,15000,"Pipili offers a mix of nature, slow experiences, making it a useful option for a group escape.",curated-from-tourism-sources,2026-09-30,False,"Planning estimate, not a live quote. Verify routes, permits, weather, opening hours and accommodation before booking.",https://odishatourism.gov.in/,0,6750,15000,1275,"Jugaad floor assumes lower-cost rail/general/sleeper travel, shared stays and local transport; fixed costs are separate when known."
dest_0563,Sambalpur,Odisha,India,East,Nature,nature|slow,4-6,25.8,15000,"Sambalpur offers a mix of nature, slow experiences, making it a useful option for a group escape.",curated-from-tourism-sources,2026-09-30,False,"Planning estimate, not a live quote. Verify routes, permits, weather, opening hours and accommodation before booking.",https://odishatourism.gov.in/,0,6750,15000,1340,"Jugaad floor assumes lower-cost rail/general/sleeper travel, shared stays and local transport; fixed costs are separate when known."
dest_0564,Hirakud,Odisha,India,East,Nature,nature|slow,4-6,21.7,18000,"Hirakud offers a mix of nature, slow experiences, making it a useful option for a group escape.",curated-from-tourism-sources,2026-09-30,False,"Planning estimate, not a live quote. Verify routes, permits, weather, opening hours and accommodation before booking.",https://odishatourism.gov.in/,0,8100,18000,1130,"Jugaad floor assumes lower-cost rail/general/sleeper travel, shared stays and local transport; fixed costs are separate when known."
dest_0565,Talasari,Odisha,India,East,Nature,nature|slow,4-6,24.2,12000,"Talasari offers a mix of nature, slow experiences, making it a useful option for a group escape.",curated-from-tourism-sources,2026-09-30,False,"Planning estimate, not a live quote. Verify routes, permits, weather, opening hours and accommodation before booking.",https://odishatourism.gov.in/,0,5400,12000,1260,"Jugaad floor assumes lower-cost rail/general/sleeper travel, shared stays and local transport; fixed costs are separate when known."
dest_0566,Jeypore,Odisha,India,East,Nature,nature|slow,4-6,23.1,15000,"Jeypore offers a mix of nature, slow experiences, making it a useful option for a group escape.",curated-from-tourism-sources,2026-09-30,False,"Planning estimate, not a live quote. Verify routes, permits, weather, opening hours and accommodation before booking.",https://odishatourism.gov.in/,0,6750,15000,1200,"Jugaad floor assumes lower-cost rail/general/sleeper travel, shared stays and local transport; fixed costs are separate when known."
dest_0567,Shantiniketan,West Bengal,India,East,Nature,nature|slow,4-6,30.0,22000,"Shantiniketan offers a mix of nature, slow experiences, making it a useful option for a group escape.",curated-from-tourism-sources,2026-09-30,False,"Planning estimate, not a live quote. Verify routes, permits, weather, opening hours and accommodation before booking.",https://wbtourism.gov.in/,0,9900,22000,1560,"Jugaad floor assumes lower-cost rail/general/sleeper travel, shared stays and local transport; fixed costs are separate when known."
dest_0568,Bishnupur,West Bengal,India,East,Nature,nature|slow,4-6,28.2,9000,"Bishnupur offers a mix of nature, slow experiences, making it a useful option for a group escape.",curated-from-tourism-sources,2026-09-30,False,"Planning estimate, not a live quote. Verify routes, permits, weather, opening hours and accommodation before booking.",https://wbtourism.gov.in/,0,4050,9000,1465,"Jugaad floor assumes lower-cost rail/general/sleeper travel, shared stays and local transport; fixed costs are separate when known."
dest_0569,Dooars,West Bengal,India,East,Nature,nature|slow,4-6,26.3,12000,"Dooars offers a mix of nature, slow experiences, making it a useful option for a group escape.",curated-from-tourism-sources,2026-09-30,False,"Planning estimate, not a live quote. Verify routes, permits, weather, opening hours and accommodation before booking.",https://wbtourism.gov.in/,0,5400,12000,1370,"Jugaad floor assumes lower-cost rail/general/sleeper travel, shared stays and local transport; fixed costs are separate when known."
dest_0570,Jalpaiguri,West Bengal,India,East,Nature,nature|slow,4-6,29.6,22000,"Jalpaiguri offers a mix of nature, slow experiences, making it a useful option for a group escape.",curated-from-tourism-sources,2026-09-30,False,"Planning estimate, not a live quote. Verify routes, permits, weather, opening hours and accommodation before booking.",https://wbtourism.gov.in/,0,9900,22000,1540,"Jugaad floor assumes lower-cost rail/general/sleeper travel, shared stays and local transport; fixed costs are separate when known."
dest_0571,Lava,West Bengal,India,East,Nature,nature|slow,4-6,30.2,22000,"Lava offers a mix of nature, slow experiences, making it a useful option for a group escape.",curated-from-tourism-sources,2026-09-30,False,"Planning estimate, not a live quote. Verify routes, permits, weather, opening hours and accommodation before booking.",https://wbtourism.gov.in/,0,9900,22000,1570,"Jugaad floor assumes lower-cost rail/general/sleeper travel, shared stays and local transport; fixed costs are separate when known."
dest_0572,Loleygaon,West Bengal,India,East,Nature,nature|slow,4-6,28.6,9000,"Loleygaon offers a mix of nature, slow experiences, making it a useful option for a group escape.",curated-from-tourism-sources,2026-09-30,False,"Planning estimate, not a live quote. Verify routes, permits, weather, opening hours and accommodation before booking.",https://wbtourism.gov.in/,0,4050,9000,1485,"Jugaad floor assumes lower-cost rail/general/sleeper travel, shared stays and local transport; fixed costs are separate when known."
dest_0573,Kurseong,West Bengal,India,East,Nature,nature|slow,4-6,30.2,15000,"Kurseong offers a mix of nature, slow experiences, making it a useful option for a group escape.",curated-from-tourism-sources,2026-09-30,False,"Planning estimate, not a live quote. Verify routes, permits, weather, opening hours and accommodation before booking.",https://wbtourism.gov.in/,0,6750,15000,1570,"Jugaad floor assumes lower-cost rail/general/sleeper travel, shared stays and local transport; fixed costs are separate when known."
dest_0574,Sandakphu,West Bengal,India,East,Nature,nature|slow,4-6,28.2,12000,"Sandakphu offers a mix of nature, slow experiences, making it a useful option for a group escape.",curated-from-tourism-sources,2026-09-30,False,"Planning estimate, not a live quote. Verify routes, permits, weather, opening hours and accommodation before booking.",https://wbtourism.gov.in/,0,5400,12000,1465,"Jugaad floor assumes lower-cost rail/general/sleeper travel, shared stays and local transport; fixed costs are separate when known."
dest_0575,Bakkhali,West Bengal,India,East,Nature,nature|slow,4-6,25.9,22000,"Bakkhali offers a mix of nature, slow experiences, making it a useful option for a group escape.",curated-from-tourism-sources,2026-09-30,False,"Planning estimate, not a live quote. Verify routes, permits, weather, opening hours and accommodation before booking.",https://wbtourism.gov.in/,0,9900,22000,1345,"Jugaad floor assumes lower-cost rail/general/sleeper travel, shared stays and local transport; fixed costs are separate when known."
dest_0576,Gangasagar,West Bengal,India,East,Nature,nature|slow,4-6,28.6,18000,"Gangasagar offers a mix of nature, slow experiences, making it a useful option for a group escape.",curated-from-tourism-sources,2026-09-30,False,"Planning estimate, not a live quote. Verify routes, permits, weather, opening hours and accommodation before booking.",https://wbtourism.gov.in/,0,8100,18000,1485,"Jugaad floor assumes lower-cost rail/general/sleeper travel, shared stays and local transport; fixed costs are separate when known."
dest_0577,Jaldapara,West Bengal,India,East,Nature,nature|slow,4-6,29.5,12000,"Jaldapara offers a mix of nature, slow experiences, making it a useful option for a group escape.",curated-from-tourism-sources,2026-09-30,False,"Planning estimate, not a live quote. Verify routes, permits, weather, opening hours and accommodation before booking.",https://wbtourism.gov.in/,0,5400,12000,1535,"Jugaad floor assumes lower-cost rail/general/sleeper travel, shared stays and local transport; fixed costs are separate when known."
dest_0578,Gorumara,West Bengal,India,East,Nature,nature|slow,4-6,30.1,9000,"Gorumara offers a mix of nature, slow experiences, making it a useful option for a group escape.",curated-from-tourism-sources,2026-09-30,False,"Planning estimate, not a live quote. Verify routes, permits, weather, opening hours and accommodation before booking.",https://wbtourism.gov.in/,0,4050,9000,1565,"Jugaad floor assumes lower-cost rail/general/sleeper travel, shared stays and local transport; fixed costs are separate when known."
dest_0579,Mukutmanipur,West Bengal,India,East,Nature,nature|slow,4-6,30.2,12000,"Mukutmanipur offers a mix of nature, slow experiences, making it a useful option for a group escape.",curated-from-tourism-sources,2026-09-30,False,"Planning estimate, not a live quote. Verify routes, permits, weather, opening hours and accommodation before booking.",https://wbtourism.gov.in/,0,5400,12000,1570,"Jugaad floor assumes lower-cost rail/general/sleeper travel, shared stays and local transport; fixed costs are separate when known."
dest_0580,Dehradun,Uttarakhand,India,North,Nature,nature|slow,4-6,27.5,9000,"Dehradun offers a mix of nature, slow experiences, making it a useful option for a group escape.",curated-from-tourism-sources,2026-09-30,False,"Planning estimate, not a live quote. Verify routes, permits, weather, opening hours and accommodation before booking.",https://www.uttarakhandtourism.gov.in/,0,4050,9000,1430,"Jugaad floor assumes lower-cost rail/general/sleeper travel, shared stays and local transport; fixed costs are separate when known."
dest_0581,Jim,Uttarakhand,India,North,Nature,nature|slow,4-6,27.8,12000,"Jim offers a mix of nature, slow experiences, making it a useful option for a group escape.",curated-from-tourism-sources,2026-09-30,False,"Planning estimate, not a live quote. Verify routes, permits, weather, opening hours and accommodation before booking.",https://www.uttarakhandtourism.gov.in/,0,5400,12000,1445,"Jugaad floor assumes lower-cost rail/general/sleeper travel, shared stays and local transport; fixed costs are separate when known."
dest_0582,Corbett,Uttarakhand,India,North,Nature,nature|slow,4-6,30.2,18000,"Corbett offers a mix of nature, slow experiences, making it a useful option for a group escape.",curated-from-tourism-sources,2026-09-30,False,"Planning estimate, not a live quote. Verify routes, permits, weather, opening hours and accommodation before booking.",https://www.uttarakhandtourism.gov.in/,0,8100,18000,1570,"Jugaad floor assumes lower-cost rail/general/sleeper travel, shared stays and local transport; fixed costs are separate when known."
dest_0583,Almora,Uttarakhand,India,North,Nature,nature|slow,4-6,30.4,18000,"Almora offers a mix of nature, slow experiences, making it a useful option for a group escape.",curated-from-tourism-sources,2026-09-30,False,"Planning estimate, not a live quote. Verify routes, permits, weather, opening hours and accommodation before booking.",https://www.uttarakhandtourism.gov.in/,0,8100,18000,1580,"Jugaad floor assumes lower-cost rail/general/sleeper travel, shared stays and local transport; fixed costs are separate when known."
dest_0584,Mukteshwar,Uttarakhand,India,North,Nature,nature|slow,4-6,27.9,12000,"Mukteshwar offers a mix of nature, slow experiences, making it a useful option for a group escape.",curated-from-tourism-sources,2026-09-30,False,"Planning estimate, not a live quote. Verify routes, permits, weather, opening hours and accommodation before booking.",https://www.uttarakhandtourism.gov.in/,0,5400,12000,1450,"Jugaad floor assumes lower-cost rail/general/sleeper travel, shared stays and local transport; fixed costs are separate when known."
dest_0585,Chopta,Uttarakhand,India,North,Hill,mountains,4-6,29.4,18000,"Chopta offers a mix of mountains experiences, making it a useful option for a group escape.",curated-from-tourism-sources,2026-09-30,False,"Planning estimate, not a live quote. Verify routes, permits, weather, opening hours and accommodation before booking.",https://www.uttarakhandtourism.gov.in/,0,8100,18000,1530,"Jugaad floor assumes lower-cost rail/general/sleeper travel, shared stays and local transport; fixed costs are separate when known."
dest_0586,Lansdowne,Uttarakhand,India,North,Hill,mountains,4-6,28.0,15000,"Lansdowne offers a mix of mountains experiences, making it a useful option for a group escape.",curated-from-tourism-sources,2026-09-30,False,"Planning estimate, not a live quote. Verify routes, permits, weather, opening hours and accommodation before booking.",https://www.uttarakhandtourism.gov.in/,0,6750,15000,1455,"Jugaad floor assumes lower-cost rail/general/sleeper travel, shared stays and local transport; fixed costs are separate when known."
dest_0587,Kanatal,Uttarakhand,India,North,Nature,nature|slow,4-6,30.6,15000,"Kanatal offers a mix of nature, slow experiences, making it a useful option for a group escape.",curated-from-tourism-sources,2026-09-30,False,"Planning estimate, not a live quote. Verify routes, permits, weather, opening hours and accommodation before booking.",https://www.uttarakhandtourism.gov.in/,0,6750,15000,1590,"Jugaad floor assumes lower-cost rail/general/sleeper travel, shared stays and local transport; fixed costs are separate when known."
dest_0588,Dhanaulti,Uttarakhand,India,North,Hill,mountains,4-6,32.3,18000,"Dhanaulti offers a mix of mountains experiences, making it a useful option for a group escape.",curated-from-tourism-sources,2026-09-30,False,"Planning estimate, not a live quote. Verify routes, permits, weather, opening hours and accommodation before booking.",https://www.uttarakhandtourism.gov.in/,0,8100,18000,1680,"Jugaad floor assumes lower-cost rail/general/sleeper travel, shared stays and local transport; fixed costs are separate when known."
dest_0589,Binsar,Uttarakhand,India,North,Nature,nature|slow,4-6,31.1,15000,"Binsar offers a mix of nature, slow experiences, making it a useful option for a group escape.",curated-from-tourism-sources,2026-09-30,False,"Planning estimate, not a live quote. Verify routes, permits, weather, opening hours and accommodation before booking.",https://www.uttarakhandtourism.gov.in/,0,6750,15000,1615,"Jugaad floor assumes lower-cost rail/general/sleeper travel, shared stays and local transport; fixed costs are separate when known."
dest_0590,Kausani,Uttarakhand,India,North,Nature,nature|slow,4-6,30.7,22000,"Kausani offers a mix of nature, slow experiences, making it a useful option for a group escape.",curated-from-tourism-sources,2026-09-30,False,"Planning estimate, not a live quote. Verify routes, permits, weather, opening hours and accommodation before booking.",https://www.uttarakhandtourism.gov.in/,0,9900,22000,1595,"Jugaad floor assumes lower-cost rail/general/sleeper travel, shared stays and local transport; fixed costs are separate when known."
dest_0591,Munsiyari,Uttarakhand,India,North,Nature,nature|slow,4-6,31.5,22000,"Munsiyari offers a mix of nature, slow experiences, making it a useful option for a group escape.",curated-from-tourism-sources,2026-09-30,False,"Planning estimate, not a live quote. Verify routes, permits, weather, opening hours and accommodation before booking.",https://www.uttarakhandtourism.gov.in/,0,9900,22000,1640,"Jugaad floor assumes lower-cost rail/general/sleeper travel, shared stays and local transport; fixed costs are separate when known."
dest_0592,Flowers,Uttarakhand,India,North,Nature,nature|slow,4-6,29.1,12000,"Flowers offers a mix of nature, slow experiences, making it a useful option for a group escape.",curated-from-tourism-sources,2026-09-30,False,"Planning estimate, not a live quote. Verify routes, permits, weather, opening hours and accommodation before booking.",https://www.uttarakhandtourism.gov.in/,0,5400,12000,1515,"Jugaad floor assumes lower-cost rail/general/sleeper travel, shared stays and local transport; fixed costs are separate when known."
dest_0593,Joshimath,Uttarakhand,India,North,Nature,nature|slow,4-6,30.5,9000,"Joshimath offers a mix of nature, slow experiences, making it a useful option for a group escape.",curated-from-tourism-sources,2026-09-30,False,"Planning estimate, not a live quote. Verify routes, permits, weather, opening hours and accommodation before booking.",https://www.uttarakhandtourism.gov.in/,0,4050,9000,1585,"Jugaad floor assumes lower-cost rail/general/sleeper travel, shared stays and local transport; fixed costs are separate when known."
dest_0594,Devprayag,Uttarakhand,India,North,Nature,nature|slow,4-6,28.1,12000,"Devprayag offers a mix of nature, slow experiences, making it a useful option for a group escape.",curated-from-tourism-sources,2026-09-30,False,"Planning estimate, not a live quote. Verify routes, permits, weather, opening hours and accommodation before booking.",https://www.uttarakhandtourism.gov.in/,0,5400,12000,1460,"Jugaad floor assumes lower-cost rail/general/sleeper travel, shared stays and local transport; fixed costs are separate when known."
dest_0595,Tehri,Uttarakhand,India,North,Nature,nature|slow,4-6,31.6,18000,"Tehri offers a mix of nature, slow experiences, making it a useful option for a group escape.",curated-from-tourism-sources,2026-09-30,False,"Planning estimate, not a live quote. Verify routes, permits, weather, opening hours and accommodation before booking.",https://www.uttarakhandtourism.gov.in/,0,8100,18000,1645,"Jugaad floor assumes lower-cost rail/general/sleeper travel, shared stays and local transport; fixed costs are separate when known."
dest_0596,Chamba,Uttarakhand,India,North,Nature,nature|slow,4-6,30.6,22000,"Chamba offers a mix of nature, slow experiences, making it a useful option for a group escape.",curated-from-tourism-sources,2026-09-30,False,"Planning estimate, not a live quote. Verify routes, permits, weather, opening hours and accommodation before booking.",https://www.uttarakhandtourism.gov.in/,0,9900,22000,1590,"Jugaad floor assumes lower-cost rail/general/sleeper travel, shared stays and local transport; fixed costs are separate when known."
dest_0597,Pithoragarh,Uttarakhand,India,North,Nature,nature|slow,4-6,27.6,15000,"Pithoragarh offers a mix of nature, slow experiences, making it a useful option for a group escape.",curated-from-tourism-sources,2026-09-30,False,"Planning estimate, not a live quote. Verify routes, permits, weather, opening hours and accommodation before booking.",https://www.uttarakhandtourism.gov.in/,0,6750,15000,1435,"Jugaad floor assumes lower-cost rail/general/sleeper travel, shared stays and local transport; fixed costs are separate when known."
dest_0598,Abbott,Uttarakhand,India,North,Nature,nature|slow,4-6,32.2,15000,"Abbott offers a mix of nature, slow experiences, making it a useful option for a group escape.",curated-from-tourism-sources,2026-09-30,False,"Planning estimate, not a live quote. Verify routes, permits, weather, opening hours and accommodation before booking.",https://www.uttarakhandtourism.gov.in/,0,6750,15000,1675,"Jugaad floor assumes lower-cost rail/general/sleeper travel, shared stays and local transport; fixed costs are separate when known."
dest_0599,Chakrata,Uttarakhand,India,North,Nature,nature|slow,4-6,27.8,15000,"Chakrata offers a mix of nature, slow experiences, making it a useful option for a group escape.",curated-from-tourism-sources,2026-09-30,False,"Planning estimate, not a live quote. Verify routes, permits, weather, opening hours and accommodation before booking.",https://www.uttarakhandtourism.gov.in/,0,6750,15000,1445,"Jugaad floor assumes lower-cost rail/general/sleeper travel, shared stays and local transport; fixed costs are separate when known."
dest_0600,Tirthan,Himachal Pradesh,India,North,City,slow,4-6,27.7,18000,"Tirthan offers a mix of slow experiences, making it a useful option for a group escape.",curated-from-tourism-sources,2026-09-30,False,"Planning estimate, not a live quote. Verify routes, permits, weather, opening hours and accommodation before booking.",https://himachaltourism.gov.in/,0,8100,18000,1440,"Jugaad floor assumes lower-cost rail/general/sleeper travel, shared stays and local transport; fixed costs are separate when known."
dest_0601,Jibhi,Himachal Pradesh,India,North,City,slow,4-6,30.0,22000,"Jibhi offers a mix of slow experiences, making it a useful option for a group escape.",curated-from-tourism-sources,2026-09-30,False,"Planning estimate, not a live quote. Verify routes, permits, weather, opening hours and accommodation before booking.",https://himachaltourism.gov.in/,0,9900,22000,1560,"Jugaad floor assumes lower-cost rail/general/sleeper travel, shared stays and local transport; fixed costs are separate when known."
dest_0602,Shoja,Himachal Pradesh,India,North,Nature,nature|slow,4-6,29.3,22000,"Shoja offers a mix of nature, slow experiences, making it a useful option for a group escape.",curated-from-tourism-sources,2026-09-30,False,"Planning estimate, not a live quote. Verify routes, permits, weather, opening hours and accommodation before booking.",https://himachaltourism.gov.in/,0,9900,22000,1525,"Jugaad floor assumes lower-cost rail/general/sleeper travel, shared stays and local transport; fixed costs are separate when known."
dest_0603,Kullu,Himachal Pradesh,India,North,Nature,nature|slow,4-6,29.2,9000,"Kullu offers a mix of nature, slow experiences, making it a useful option for a group escape.",curated-from-tourism-sources,2026-09-30,False,"Planning estimate, not a live quote. Verify routes, permits, weather, opening hours and accommodation before booking.",https://himachaltourism.gov.in/,0,4050,9000,1520,"Jugaad floor assumes lower-cost rail/general/sleeper travel, shared stays and local transport; fixed costs are separate when known."
dest_0604,McLeod,Himachal Pradesh,India,North,Nature,nature|slow,4-6,26.8,9000,"McLeod offers a mix of nature, slow experiences, making it a useful option for a group escape.",curated-from-tourism-sources,2026-09-30,False,"Planning estimate, not a live quote. Verify routes, permits, weather, opening hours and accommodation before booking.",https://himachaltourism.gov.in/,0,4050,9000,1395,"Jugaad floor assumes lower-cost rail/general/sleeper travel, shared stays and local transport; fixed costs are separate when known."
dest_0605,Ganj,Himachal Pradesh,India,North,Nature,nature|slow,4-6,28.0,22000,"Ganj offers a mix of nature, slow experiences, making it a useful option for a group escape.",curated-from-tourism-sources,2026-09-30,False,"Planning estimate, not a live quote. Verify routes, permits, weather, opening hours and accommodation before booking.",https://himachaltourism.gov.in/,0,9900,22000,1455,"Jugaad floor assumes lower-cost rail/general/sleeper travel, shared stays and local transport; fixed costs are separate when known."
dest_0606,Kalpa,Himachal Pradesh,India,North,Nature,nature|slow,4-6,26.2,15000,"Kalpa offers a mix of nature, slow experiences, making it a useful option for a group escape.",curated-from-tourism-sources,2026-09-30,False,"Planning estimate, not a live quote. Verify routes, permits, weather, opening hours and accommodation before booking.",https://himachaltourism.gov.in/,0,6750,15000,1360,"Jugaad floor assumes lower-cost rail/general/sleeper travel, shared stays and local transport; fixed costs are separate when known."
dest_0607,Sangla,Himachal Pradesh,India,North,Nature,nature|slow,4-6,30.1,18000,"Sangla offers a mix of nature, slow experiences, making it a useful option for a group escape.",curated-from-tourism-sources,2026-09-30,False,"Planning estimate, not a live quote. Verify routes, permits, weather, opening hours and accommodation before booking.",https://himachaltourism.gov.in/,0,8100,18000,1565,"Jugaad floor assumes lower-cost rail/general/sleeper travel, shared stays and local transport; fixed costs are separate when known."
dest_0608,Narkanda,Himachal Pradesh,India,North,Nature,nature|slow,4-6,27.0,22000,"Narkanda offers a mix of nature, slow experiences, making it a useful option for a group escape.",curated-from-tourism-sources,2026-09-30,False,"Planning estimate, not a live quote. Verify routes, permits, weather, opening hours and accommodation before booking.",https://himachaltourism.gov.in/,0,9900,22000,1405,"Jugaad floor assumes lower-cost rail/general/sleeper travel, shared stays and local transport; fixed costs are separate when known."
dest_0609,Mashobra,Himachal Pradesh,India,North,Nature,nature|slow,4-6,28.2,18000,"Mashobra offers a mix of nature, slow experiences, making it a useful option for a group escape.",curated-from-tourism-sources,2026-09-30,False,"Planning estimate, not a live quote. Verify routes, permits, weather, opening hours and accommodation before booking.",https://himachaltourism.gov.in/,0,8100,18000,1465,"Jugaad floor assumes lower-cost rail/general/sleeper travel, shared stays and local transport; fixed costs are separate when known."
dest_0610,Kufri,Himachal Pradesh,India,North,Nature,nature|slow,4-6,26.6,22000,"Kufri offers a mix of nature, slow experiences, making it a useful option for a group escape.",curated-from-tourism-sources,2026-09-30,False,"Planning estimate, not a live quote. Verify routes, permits, weather, opening hours and accommodation before booking.",https://himachaltourism.gov.in/,0,9900,22000,1385,"Jugaad floor assumes lower-cost rail/general/sleeper travel, shared stays and local transport; fixed costs are separate when known."
dest_0611,Chail,Himachal Pradesh,India,North,Nature,nature|slow,4-6,29.1,9000,"Chail offers a mix of nature, slow experiences, making it a useful option for a group escape.",curated-from-tourism-sources,2026-09-30,False,"Planning estimate, not a live quote. Verify routes, permits, weather, opening hours and accommodation before booking.",https://himachaltourism.gov.in/,0,4050,9000,1515,"Jugaad floor assumes lower-cost rail/general/sleeper travel, shared stays and local transport; fixed costs are separate when known."
dest_0612,Billing,Himachal Pradesh,India,North,Nature,nature|slow,4-6,26.5,9000,"Billing offers a mix of nature, slow experiences, making it a useful option for a group escape.",curated-from-tourism-sources,2026-09-30,False,"Planning estimate, not a live quote. Verify routes, permits, weather, opening hours and accommodation before booking.",https://himachaltourism.gov.in/,0,4050,9000,1380,"Jugaad floor assumes lower-cost rail/general/sleeper travel, shared stays and local transport; fixed costs are separate when known."
dest_0613,Palampur,Himachal Pradesh,India,North,Nature,nature|slow,4-6,26.7,12000,"Palampur offers a mix of nature, slow experiences, making it a useful option for a group escape.",curated-from-tourism-sources,2026-09-30,False,"Planning estimate, not a live quote. Verify routes, permits, weather, opening hours and accommodation before booking.",https://himachaltourism.gov.in/,0,5400,12000,1390,"Jugaad floor assumes lower-cost rail/general/sleeper travel, shared stays and local transport; fixed costs are separate when known."
dest_0614,Barot,Himachal Pradesh,India,North,Nature,nature|slow,4-6,27.8,22000,"Barot offers a mix of nature, slow experiences, making it a useful option for a group escape.",curated-from-tourism-sources,2026-09-30,False,"Planning estimate, not a live quote. Verify routes, permits, weather, opening hours and accommodation before booking.",https://himachaltourism.gov.in/,0,9900,22000,1445,"Jugaad floor assumes lower-cost rail/general/sleeper travel, shared stays and local transport; fixed costs are separate when known."
dest_0615,Mandi,Himachal Pradesh,India,North,Nature,nature|slow,4-6,25.5,15000,"Mandi offers a mix of nature, slow experiences, making it a useful option for a group escape.",curated-from-tourism-sources,2026-09-30,False,"Planning estimate, not a live quote. Verify routes, permits, weather, opening hours and accommodation before booking.",https://himachaltourism.gov.in/,0,6750,15000,1325,"Jugaad floor assumes lower-cost rail/general/sleeper travel, shared stays and local transport; fixed costs are separate when known."
dest_0616,Tattapani,Himachal Pradesh,India,North,Nature,nature|slow,4-6,29.0,12000,"Tattapani offers a mix of nature, slow experiences, making it a useful option for a group escape.",curated-from-tourism-sources,2026-09-30,False,"Planning estimate, not a live quote. Verify routes, permits, weather, opening hours and accommodation before booking.",https://himachaltourism.gov.in/,0,5400,12000,1510,"Jugaad floor assumes lower-cost rail/general/sleeper travel, shared stays and local transport; fixed costs are separate when known."
dest_0617,Solan,Himachal Pradesh,India,North,Nature,nature|slow,4-6,25.9,22000,"Solan offers a mix of nature, slow experiences, making it a useful option for a group escape.",curated-from-tourism-sources,2026-09-30,False,"Planning estimate, not a live quote. Verify routes, permits, weather, opening hours and accommodation before booking.",https://himachaltourism.gov.in/,0,9900,22000,1345,"Jugaad floor assumes lower-cost rail/general/sleeper travel, shared stays and local transport; fixed costs are separate when known."
dest_0618,Fagu,Himachal Pradesh,India,North,Nature,nature|slow,4-6,26.1,18000,"Fagu offers a mix of nature, slow experiences, making it a useful option for a group escape.",curated-from-tourism-sources,2026-09-30,False,"Planning estimate, not a live quote. Verify routes, permits, weather, opening hours and accommodation before booking.",https://himachaltourism.gov.in/,0,8100,18000,1355,"Jugaad floor assumes lower-cost rail/general/sleeper travel, shared stays and local transport; fixed costs are separate when known."
dest_0619,Doodhpathri,Jammu and Kashmir,India,North,Nature,nature|slow,4-6,29.8,18000,"Doodhpathri offers a mix of nature, slow experiences, making it a useful option for a group escape.",curated-from-tourism-sources,2026-09-30,False,"Planning estimate, not a live quote. Verify routes, permits, weather, opening hours and accommodation before booking.",,0,8100,18000,1550,"Jugaad floor assumes lower-cost rail/general/sleeper travel, shared stays and local transport; fixed costs are separate when known."
dest_0620,Yusmarg,Jammu and Kashmir,India,North,Nature,nature|slow,4-6,29.8,18000,"Yusmarg offers a mix of nature, slow experiences, making it a useful option for a group escape.",curated-from-tourism-sources,2026-09-30,False,"Planning estimate, not a live quote. Verify routes, permits, weather, opening hours and accommodation before booking.",,0,8100,18000,1550,"Jugaad floor assumes lower-cost rail/general/sleeper travel, shared stays and local transport; fixed costs are separate when known."
dest_0621,Aharbal,Jammu and Kashmir,India,North,Nature,nature|slow,4-6,34.1,15000,"Aharbal offers a mix of nature, slow experiences, making it a useful option for a group escape.",curated-from-tourism-sources,2026-09-30,False,"Planning estimate, not a live quote. Verify routes, permits, weather, opening hours and accommodation before booking.",,0,6750,15000,1775,"Jugaad floor assumes lower-cost rail/general/sleeper travel, shared stays and local transport; fixed costs are separate when known."
dest_0622,Gurez,Jammu and Kashmir,India,North,Nature,nature|slow,4-6,29.7,22000,"Gurez offers a mix of nature, slow experiences, making it a useful option for a group escape.",curated-from-tourism-sources,2026-09-30,False,"Planning estimate, not a live quote. Verify routes, permits, weather, opening hours and accommodation before booking.",,0,9900,22000,1545,"Jugaad floor assumes lower-cost rail/general/sleeper travel, shared stays and local transport; fixed costs are separate when known."
dest_0623,Bangus,Jammu and Kashmir,India,North,Nature,nature|slow,4-6,30.3,15000,"Bangus offers a mix of nature, slow experiences, making it a useful option for a group escape.",curated-from-tourism-sources,2026-09-30,False,"Planning estimate, not a live quote. Verify routes, permits, weather, opening hours and accommodation before booking.",,0,6750,15000,1575,"Jugaad floor assumes lower-cost rail/general/sleeper travel, shared stays and local transport; fixed costs are separate when known."
dest_0624,Lolab,Jammu and Kashmir,India,North,Nature,nature|slow,4-6,31.5,22000,"Lolab offers a mix of nature, slow experiences, making it a useful option for a group escape.",curated-from-tourism-sources,2026-09-30,False,"Planning estimate, not a live quote. Verify routes, permits, weather, opening hours and accommodation before booking.",,0,9900,22000,1640,"Jugaad floor assumes lower-cost rail/general/sleeper travel, shared stays and local transport; fixed costs are separate when known."
dest_0625,Jammu,Jammu and Kashmir,India,North,Nature,nature|slow,4-6,34.2,12000,"Jammu offers a mix of nature, slow experiences, making it a useful option for a group escape.",curated-from-tourism-sources,2026-09-30,False,"Planning estimate, not a live quote. Verify routes, permits, weather, opening hours and accommodation before booking.",,0,5400,12000,1780,"Jugaad floor assumes lower-cost rail/general/sleeper travel, shared stays and local transport; fixed costs are separate when known."
dest_0626,Patnitop,Jammu and Kashmir,India,North,Nature,nature|slow,4-6,31.4,22000,"Patnitop offers a mix of nature, slow experiences, making it a useful option for a group escape.",curated-from-tourism-sources,2026-09-30,False,"Planning estimate, not a live quote. Verify routes, permits, weather, opening hours and accommodation before booking.",,0,9900,22000,1635,"Jugaad floor assumes lower-cost rail/general/sleeper travel, shared stays and local transport; fixed costs are separate when known."
dest_0627,Sanasar,Jammu and Kashmir,India,North,Nature,nature|slow,4-6,30.6,12000,"Sanasar offers a mix of nature, slow experiences, making it a useful option for a group escape.",curated-from-tourism-sources,2026-09-30,False,"Planning estimate, not a live quote. Verify routes, permits, weather, opening hours and accommodation before booking.",,0,5400,12000,1590,"Jugaad floor assumes lower-cost rail/general/sleeper travel, shared stays and local transport; fixed costs are separate when known."
dest_0628,Bhaderwah,Jammu and Kashmir,India,North,Nature,nature|slow,4-6,32.8,9000,"Bhaderwah offers a mix of nature, slow experiences, making it a useful option for a group escape.",curated-from-tourism-sources,2026-09-30,False,"Planning estimate, not a live quote. Verify routes, permits, weather, opening hours and accommodation before booking.",,0,4050,9000,1705,"Jugaad floor assumes lower-cost rail/general/sleeper travel, shared stays and local transport; fixed costs are separate when known."
dest_0629,Astanmarg,Jammu and Kashmir,India,North,Nature,nature|slow,4-6,33.6,9000,"Astanmarg offers a mix of nature, slow experiences, making it a useful option for a group escape.",curated-from-tourism-sources,2026-09-30,False,"Planning estimate, not a live quote. Verify routes, permits, weather, opening hours and accommodation before booking.",,0,4050,9000,1745,"Jugaad floor assumes lower-cost rail/general/sleeper travel, shared stays and local transport; fixed costs are separate when known."
dest_0630,Dachigam,Jammu and Kashmir,India,North,Nature,nature|slow,4-6,30.2,15000,"Dachigam offers a mix of nature, slow experiences, making it a useful option for a group escape.",curated-from-tourism-sources,2026-09-30,False,"Planning estimate, not a live quote. Verify routes, permits, weather, opening hours and accommodation before booking.",,0,6750,15000,1570,"Jugaad floor assumes lower-cost rail/general/sleeper travel, shared stays and local transport; fixed costs are separate when known."
dest_0631,Betaab,Jammu and Kashmir,India,North,Nature,nature|slow,4-6,32.0,12000,"Betaab offers a mix of nature, slow experiences, making it a useful option for a group escape.",curated-from-tourism-sources,2026-09-30,False,"Planning estimate, not a live quote. Verify routes, permits, weather, opening hours and accommodation before booking.",,0,5400,12000,1665,"Jugaad floor assumes lower-cost rail/general/sleeper travel, shared stays and local transport; fixed costs are separate when known."
dest_0632,Aru,Jammu and Kashmir,India,North,Nature,nature|slow,4-6,30.9,22000,"Aru offers a mix of nature, slow experiences, making it a useful option for a group escape.",curated-from-tourism-sources,2026-09-30,False,"Planning estimate, not a live quote. Verify routes, permits, weather, opening hours and accommodation before booking.",,0,9900,22000,1605,"Jugaad floor assumes lower-cost rail/general/sleeper travel, shared stays and local transport; fixed costs are separate when known."
dest_0633,Nubra,Ladakh,India,North,Nature,nature|slow,4-6,37.5,15000,"Nubra offers a mix of nature, slow experiences, making it a useful option for a group escape.",curated-from-tourism-sources,2026-09-30,False,"Planning estimate, not a live quote. Verify routes, permits, weather, opening hours and accommodation before booking.",,0,6750,15000,1950,"Jugaad floor assumes lower-cost rail/general/sleeper travel, shared stays and local transport; fixed costs are separate when known."
dest_0634,Pangong,Ladakh,India,North,Nature,nature|slow,4-6,36.5,15000,"Pangong offers a mix of nature, slow experiences, making it a useful option for a group escape.",curated-from-tourism-sources,2026-09-30,False,"Planning estimate, not a live quote. Verify routes, permits, weather, opening hours and accommodation before booking.",,0,6750,15000,1900,"Jugaad floor assumes lower-cost rail/general/sleeper travel, shared stays and local transport; fixed costs are separate when known."
dest_0635,Tso,Ladakh,India,North,Nature,nature|slow,4-6,37.0,12000,"Tso offers a mix of nature, slow experiences, making it a useful option for a group escape.",curated-from-tourism-sources,2026-09-30,False,"Planning estimate, not a live quote. Verify routes, permits, weather, opening hours and accommodation before booking.",,0,5400,12000,1925,"Jugaad floor assumes lower-cost rail/general/sleeper travel, shared stays and local transport; fixed costs are separate when known."
dest_0636,Turtuk,Ladakh,India,North,Nature,nature|slow,4-6,35.2,15000,"Turtuk offers a mix of nature, slow experiences, making it a useful option for a group escape.",curated-from-tourism-sources,2026-09-30,False,"Planning estimate, not a live quote. Verify routes, permits, weather, opening hours and accommodation before booking.",,0,6750,15000,1830,"Jugaad floor assumes lower-cost rail/general/sleeper travel, shared stays and local transport; fixed costs are separate when known."
dest_0637,Hanle,Ladakh,India,North,Nature,nature|slow,4-6,34.0,9000,"Hanle offers a mix of nature, slow experiences, making it a useful option for a group escape.",curated-from-tourism-sources,2026-09-30,False,"Planning estimate, not a live quote. Verify routes, permits, weather, opening hours and accommodation before booking.",,0,4050,9000,1770,"Jugaad floor assumes lower-cost rail/general/sleeper travel, shared stays and local transport; fixed costs are separate when known."
dest_0638,Diskit,Ladakh,India,North,Nature,nature|slow,4-6,37.0,15000,"Diskit offers a mix of nature, slow experiences, making it a useful option for a group escape.",curated-from-tourism-sources,2026-09-30,False,"Planning estimate, not a live quote. Verify routes, permits, weather, opening hours and accommodation before booking.",,0,6750,15000,1925,"Jugaad floor assumes lower-cost rail/general/sleeper travel, shared stays and local transport; fixed costs are separate when known."
dest_0639,Hunder,Ladakh,India,North,Nature,nature|slow,4-6,34.2,12000,"Hunder offers a mix of nature, slow experiences, making it a useful option for a group escape.",curated-from-tourism-sources,2026-09-30,False,"Planning estimate, not a live quote. Verify routes, permits, weather, opening hours and accommodation before booking.",,0,5400,12000,1780,"Jugaad floor assumes lower-cost rail/general/sleeper travel, shared stays and local transport; fixed costs are separate when known."
dest_0640,Alchi,Ladakh,India,North,Nature,nature|slow,4-6,38.0,18000,"Alchi offers a mix of nature, slow experiences, making it a useful option for a group escape.",curated-from-tourism-sources,2026-09-30,False,"Planning estimate, not a live quote. Verify routes, permits, weather, opening hours and accommodation before booking.",,0,8100,18000,1975,"Jugaad floor assumes lower-cost rail/general/sleeper travel, shared stays and local transport; fixed costs are separate when known."
dest_0641,Lamayuru,Ladakh,India,North,Nature,nature|slow,4-6,37.5,9000,"Lamayuru offers a mix of nature, slow experiences, making it a useful option for a group escape.",curated-from-tourism-sources,2026-09-30,False,"Planning estimate, not a live quote. Verify routes, permits, weather, opening hours and accommodation before booking.",,0,4050,9000,1950,"Jugaad floor assumes lower-cost rail/general/sleeper travel, shared stays and local transport; fixed costs are separate when known."
dest_0642,Zanskar,Ladakh,India,North,Nature,nature|slow,4-6,35.7,12000,"Zanskar offers a mix of nature, slow experiences, making it a useful option for a group escape.",curated-from-tourism-sources,2026-09-30,False,"Planning estimate, not a live quote. Verify routes, permits, weather, opening hours and accommodation before booking.",,0,5400,12000,1855,"Jugaad floor assumes lower-cost rail/general/sleeper travel, shared stays and local transport; fixed costs are separate when known."
dest_0643,Kargil,Ladakh,India,North,Nature,nature|slow,4-6,33.6,12000,"Kargil offers a mix of nature, slow experiences, making it a useful option for a group escape.",curated-from-tourism-sources,2026-09-30,False,"Planning estimate, not a live quote. Verify routes, permits, weather, opening hours and accommodation before booking.",,0,5400,12000,1745,"Jugaad floor assumes lower-cost rail/general/sleeper travel, shared stays and local transport; fixed costs are separate when known."
dest_0644,Drass,Ladakh,India,North,Nature,nature|slow,4-6,38.4,9000,"Drass offers a mix of nature, slow experiences, making it a useful option for a group escape.",curated-from-tourism-sources,2026-09-30,False,"Planning estimate, not a live quote. Verify routes, permits, weather, opening hours and accommodation before booking.",,0,4050,9000,1995,"Jugaad floor assumes lower-cost rail/general/sleeper travel, shared stays and local transport; fixed costs are separate when known."
dest_0645,Moriri,Ladakh,India,North,Nature,nature|slow,4-6,38.3,15000,"Moriri offers a mix of nature, slow experiences, making it a useful option for a group escape.",curated-from-tourism-sources,2026-09-30,False,"Planning estimate, not a live quote. Verify routes, permits, weather, opening hours and accommodation before booking.",,0,6750,15000,1990,"Jugaad floor assumes lower-cost rail/general/sleeper travel, shared stays and local transport; fixed costs are separate when known."
dest_0646,Sham,Ladakh,India,North,Nature,nature|slow,4-6,37.7,9000,"Sham offers a mix of nature, slow experiences, making it a useful option for a group escape.",curated-from-tourism-sources,2026-09-30,False,"Planning estimate, not a live quote. Verify routes, permits, weather, opening hours and accommodation before booking.",,0,4050,9000,1960,"Jugaad floor assumes lower-cost rail/general/sleeper travel, shared stays and local transport; fixed costs are separate when known."
dest_0647,Khalsar,Ladakh,India,North,Nature,nature|slow,4-6,38.5,22000,"Khalsar offers a mix of nature, slow experiences, making it a useful option for a group escape.",curated-from-tourism-sources,2026-09-30,False,"Planning estimate, not a live quote. Verify routes, permits, weather, opening hours and accommodation before booking.",,0,9900,22000,2000,"Jugaad floor assumes lower-cost rail/general/sleeper travel, shared stays and local transport; fixed costs are separate when known."
dest_0648,Sarchu,Ladakh,India,North,Nature,nature|slow,4-6,36.3,9000,"Sarchu offers a mix of nature, slow experiences, making it a useful option for a group escape.",curated-from-tourism-sources,2026-09-30,False,"Planning estimate, not a live quote. Verify routes, permits, weather, opening hours and accommodation before booking.",,0,4050,9000,1890,"Jugaad floor assumes lower-cost rail/general/sleeper travel, shared stays and local transport; fixed costs are separate when known."
dest_0649,Lachen,Sikkim,India,Northeast,Nature,nature|slow,4-6,34.8,15000,"Lachen offers a mix of nature, slow experiences, making it a useful option for a group escape.",curated-from-tourism-sources,2026-09-30,False,"Planning estimate, not a live quote. Verify routes, permits, weather, opening hours and accommodation before booking.",,0,6750,15000,1810,"Jugaad floor assumes lower-cost rail/general/sleeper travel, shared stays and local transport; fixed costs are separate when known."
dest_0650,Yumthang,Sikkim,India,Northeast,Nature,nature|slow,4-6,31.6,12000,"Yumthang offers a mix of nature, slow experiences, making it a useful option for a group escape.",curated-from-tourism-sources,2026-09-30,False,"Planning estimate, not a live quote. Verify routes, permits, weather, opening hours and accommodation before booking.",,0,5400,12000,1645,"Jugaad floor assumes lower-cost rail/general/sleeper travel, shared stays and local transport; fixed costs are separate when known."
dest_0651,Zuluk,Sikkim,India,Northeast,Nature,nature|slow,4-6,34.2,9000,"Zuluk offers a mix of nature, slow experiences, making it a useful option for a group escape.",curated-from-tourism-sources,2026-09-30,False,"Planning estimate, not a live quote. Verify routes, permits, weather, opening hours and accommodation before booking.",,0,4050,9000,1780,"Jugaad floor assumes lower-cost rail/general/sleeper travel, shared stays and local transport; fixed costs are separate when known."
dest_0652,Temi,Sikkim,India,Northeast,Nature,nature|slow,4-6,35.5,18000,"Temi offers a mix of nature, slow experiences, making it a useful option for a group escape.",curated-from-tourism-sources,2026-09-30,False,"Planning estimate, not a live quote. Verify routes, permits, weather, opening hours and accommodation before booking.",,0,8100,18000,1845,"Jugaad floor assumes lower-cost rail/general/sleeper travel, shared stays and local transport; fixed costs are separate when known."
dest_0653,Khecheopalri,Sikkim,India,Northeast,Nature,nature|slow,4-6,33.5,15000,"Khecheopalri offers a mix of nature, slow experiences, making it a useful option for a group escape.",curated-from-tourism-sources,2026-09-30,False,"Planning estimate, not a live quote. Verify routes, permits, weather, opening hours and accommodation before booking.",,0,6750,15000,1740,"Jugaad floor assumes lower-cost rail/general/sleeper travel, shared stays and local transport; fixed costs are separate when known."
dest_0654,Tsomgo,Sikkim,India,Northeast,Nature,nature|slow,4-6,36.3,9000,"Tsomgo offers a mix of nature, slow experiences, making it a useful option for a group escape.",curated-from-tourism-sources,2026-09-30,False,"Planning estimate, not a live quote. Verify routes, permits, weather, opening hours and accommodation before booking.",,0,4050,9000,1890,"Jugaad floor assumes lower-cost rail/general/sleeper travel, shared stays and local transport; fixed costs are separate when known."
dest_0655,Nathula,Sikkim,India,Northeast,Nature,nature|slow,4-6,35.1,12000,"Nathula offers a mix of nature, slow experiences, making it a useful option for a group escape.",curated-from-tourism-sources,2026-09-30,False,"Planning estimate, not a live quote. Verify routes, permits, weather, opening hours and accommodation before booking.",,0,5400,12000,1825,"Jugaad floor assumes lower-cost rail/general/sleeper travel, shared stays and local transport; fixed costs are separate when known."
dest_0656,Yuksom,Sikkim,India,Northeast,Nature,nature|slow,4-6,35.8,12000,"Yuksom offers a mix of nature, slow experiences, making it a useful option for a group escape.",curated-from-tourism-sources,2026-09-30,False,"Planning estimate, not a live quote. Verify routes, permits, weather, opening hours and accommodation before booking.",,0,5400,12000,1860,"Jugaad floor assumes lower-cost rail/general/sleeper travel, shared stays and local transport; fixed costs are separate when known."
dest_0657,Rinchenpong,Sikkim,India,Northeast,Nature,nature|slow,4-6,34.9,9000,"Rinchenpong offers a mix of nature, slow experiences, making it a useful option for a group escape.",curated-from-tourism-sources,2026-09-30,False,"Planning estimate, not a live quote. Verify routes, permits, weather, opening hours and accommodation before booking.",,0,4050,9000,1815,"Jugaad floor assumes lower-cost rail/general/sleeper travel, shared stays and local transport; fixed costs are separate when known."
dest_0658,Dzongu,Sikkim,India,Northeast,Nature,nature|slow,4-6,35.5,15000,"Dzongu offers a mix of nature, slow experiences, making it a useful option for a group escape.",curated-from-tourism-sources,2026-09-30,False,"Planning estimate, not a live quote. Verify routes, permits, weather, opening hours and accommodation before booking.",,0,6750,15000,1845,"Jugaad floor assumes lower-cost rail/general/sleeper travel, shared stays and local transport; fixed costs are separate when known."
dest_0659,Sohra,Meghalaya,India,Northeast,Nature,nature|slow,4-6,36.2,12000,"Sohra offers a mix of nature, slow experiences, making it a useful option for a group escape.",curated-from-tourism-sources,2026-09-30,False,"Planning estimate, not a live quote. Verify routes, permits, weather, opening hours and accommodation before booking.",,0,5400,12000,1880,"Jugaad floor assumes lower-cost rail/general/sleeper travel, shared stays and local transport; fixed costs are separate when known."
dest_0660,Mawsynram,Meghalaya,India,Northeast,Nature,nature|slow,4-6,33.2,9000,"Mawsynram offers a mix of nature, slow experiences, making it a useful option for a group escape.",curated-from-tourism-sources,2026-09-30,False,"Planning estimate, not a live quote. Verify routes, permits, weather, opening hours and accommodation before booking.",,0,4050,9000,1725,"Jugaad floor assumes lower-cost rail/general/sleeper travel, shared stays and local transport; fixed costs are separate when known."
dest_0661,Jowai,Meghalaya,India,Northeast,Nature,nature|slow,4-6,36.1,22000,"Jowai offers a mix of nature, slow experiences, making it a useful option for a group escape.",curated-from-tourism-sources,2026-09-30,False,"Planning estimate, not a live quote. Verify routes, permits, weather, opening hours and accommodation before booking.",,0,9900,22000,1875,"Jugaad floor assumes lower-cost rail/general/sleeper travel, shared stays and local transport; fixed costs are separate when known."
dest_0662,Nongpoh,Meghalaya,India,Northeast,Nature,nature|slow,4-6,34.7,12000,"Nongpoh offers a mix of nature, slow experiences, making it a useful option for a group escape.",curated-from-tourism-sources,2026-09-30,False,"Planning estimate, not a live quote. Verify routes, permits, weather, opening hours and accommodation before booking.",,0,5400,12000,1805,"Jugaad floor assumes lower-cost rail/general/sleeper travel, shared stays and local transport; fixed costs are separate when known."
dest_0663,Laitlum,Meghalaya,India,Northeast,Nature,nature|slow,4-6,31.6,9000,"Laitlum offers a mix of nature, slow experiences, making it a useful option for a group escape.",curated-from-tourism-sources,2026-09-30,False,"Planning estimate, not a live quote. Verify routes, permits, weather, opening hours and accommodation before booking.",,0,4050,9000,1645,"Jugaad floor assumes lower-cost rail/general/sleeper travel, shared stays and local transport; fixed costs are separate when known."
dest_0664,Shnongpdeng,Meghalaya,India,Northeast,Nature,nature|slow,4-6,34.3,15000,"Shnongpdeng offers a mix of nature, slow experiences, making it a useful option for a group escape.",curated-from-tourism-sources,2026-09-30,False,"Planning estimate, not a live quote. Verify routes, permits, weather, opening hours and accommodation before booking.",,0,6750,15000,1785,"Jugaad floor assumes lower-cost rail/general/sleeper travel, shared stays and local transport; fixed costs are separate when known."
dest_0665,Nartiang,Meghalaya,India,Northeast,Nature,nature|slow,4-6,34.1,12000,"Nartiang offers a mix of nature, slow experiences, making it a useful option for a group escape.",curated-from-tourism-sources,2026-09-30,False,"Planning estimate, not a live quote. Verify routes, permits, weather, opening hours and accommodation before booking.",,0,5400,12000,1775,"Jugaad floor assumes lower-cost rail/general/sleeper travel, shared stays and local transport; fixed costs are separate when known."
dest_0666,Krang,Meghalaya,India,Northeast,Nature,nature|slow,4-6,32.6,9000,"Krang offers a mix of nature, slow experiences, making it a useful option for a group escape.",curated-from-tourism-sources,2026-09-30,False,"Planning estimate, not a live quote. Verify routes, permits, weather, opening hours and accommodation before booking.",,0,4050,9000,1695,"Jugaad floor assumes lower-cost rail/general/sleeper travel, shared stays and local transport; fixed costs are separate when known."
dest_0667,Suri,Meghalaya,India,Northeast,Nature,nature|slow,4-6,33.3,18000,"Suri offers a mix of nature, slow experiences, making it a useful option for a group escape.",curated-from-tourism-sources,2026-09-30,False,"Planning estimate, not a live quote. Verify routes, permits, weather, opening hours and accommodation before booking.",,0,8100,18000,1730,"Jugaad floor assumes lower-cost rail/general/sleeper travel, shared stays and local transport; fixed costs are separate when known."
dest_0668,Umngot,Meghalaya,India,Northeast,Nature,nature|slow,4-6,34.9,18000,"Umngot offers a mix of nature, slow experiences, making it a useful option for a group escape.",curated-from-tourism-sources,2026-09-30,False,"Planning estimate, not a live quote. Verify routes, permits, weather, opening hours and accommodation before booking.",,0,8100,18000,1815,"Jugaad floor assumes lower-cost rail/general/sleeper travel, shared stays and local transport; fixed costs are separate when known."
dest_0669,River,Meghalaya,India,Northeast,Nature,nature|slow,4-6,31.7,12000,"River offers a mix of nature, slow experiences, making it a useful option for a group escape.",curated-from-tourism-sources,2026-09-30,False,"Planning estimate, not a live quote. Verify routes, permits, weather, opening hours and accommodation before booking.",,0,5400,12000,1650,"Jugaad floor assumes lower-cost rail/general/sleeper travel, shared stays and local transport; fixed costs are separate when known."
dest_0670,Haflong,Assam,India,Northeast,Nature,nature|slow,4-6,35.7,22000,"Haflong offers a mix of nature, slow experiences, making it a useful option for a group escape.",curated-from-tourism-sources,2026-09-30,False,"Planning estimate, not a live quote. Verify routes, permits, weather, opening hours and accommodation before booking.",,0,9900,22000,1855,"Jugaad floor assumes lower-cost rail/general/sleeper travel, shared stays and local transport; fixed costs are separate when known."
dest_0671,Dibrugarh,Assam,India,Northeast,Nature,nature|slow,4-6,36.1,18000,"Dibrugarh offers a mix of nature, slow experiences, making it a useful option for a group escape.",curated-from-tourism-sources,2026-09-30,False,"Planning estimate, not a live quote. Verify routes, permits, weather, opening hours and accommodation before booking.",,0,8100,18000,1875,"Jugaad floor assumes lower-cost rail/general/sleeper travel, shared stays and local transport; fixed costs are separate when known."
dest_0672,Jorhat,Assam,India,Northeast,Nature,nature|slow,4-6,36.2,15000,"Jorhat offers a mix of nature, slow experiences, making it a useful option for a group escape.",curated-from-tourism-sources,2026-09-30,False,"Planning estimate, not a live quote. Verify routes, permits, weather, opening hours and accommodation before booking.",,0,6750,15000,1880,"Jugaad floor assumes lower-cost rail/general/sleeper travel, shared stays and local transport; fixed costs are separate when known."
dest_0673,Tezpur,Assam,India,Northeast,Nature,nature|slow,4-6,34.3,18000,"Tezpur offers a mix of nature, slow experiences, making it a useful option for a group escape.",curated-from-tourism-sources,2026-09-30,False,"Planning estimate, not a live quote. Verify routes, permits, weather, opening hours and accommodation before booking.",,0,8100,18000,1785,"Jugaad floor assumes lower-cost rail/general/sleeper travel, shared stays and local transport; fixed costs are separate when known."
dest_0674,Hajo,Assam,India,Northeast,Nature,nature|slow,4-6,32.5,15000,"Hajo offers a mix of nature, slow experiences, making it a useful option for a group escape.",curated-from-tourism-sources,2026-09-30,False,"Planning estimate, not a live quote. Verify routes, permits, weather, opening hours and accommodation before booking.",,0,6750,15000,1690,"Jugaad floor assumes lower-cost rail/general/sleeper travel, shared stays and local transport; fixed costs are separate when known."
dest_0675,Pobitora,Assam,India,Northeast,Nature,nature|slow,4-6,33.9,9000,"Pobitora offers a mix of nature, slow experiences, making it a useful option for a group escape.",curated-from-tourism-sources,2026-09-30,False,"Planning estimate, not a live quote. Verify routes, permits, weather, opening hours and accommodation before booking.",,0,4050,9000,1765,"Jugaad floor assumes lower-cost rail/general/sleeper travel, shared stays and local transport; fixed costs are separate when known."
dest_0676,Digboi,Assam,India,Northeast,Nature,nature|slow,4-6,35.3,15000,"Digboi offers a mix of nature, slow experiences, making it a useful option for a group escape.",curated-from-tourism-sources,2026-09-30,False,"Planning estimate, not a live quote. Verify routes, permits, weather, opening hours and accommodation before booking.",,0,6750,15000,1835,"Jugaad floor assumes lower-cost rail/general/sleeper travel, shared stays and local transport; fixed costs are separate when known."
dest_0677,Tinsukia,Assam,India,Northeast,Nature,nature|slow,4-6,35.9,22000,"Tinsukia offers a mix of nature, slow experiences, making it a useful option for a group escape.",curated-from-tourism-sources,2026-09-30,False,"Planning estimate, not a live quote. Verify routes, permits, weather, opening hours and accommodation before booking.",,0,9900,22000,1865,"Jugaad floor assumes lower-cost rail/general/sleeper travel, shared stays and local transport; fixed costs are separate when known."
dest_0678,Orang,Assam,India,Northeast,Nature,nature|slow,4-6,32.2,15000,"Orang offers a mix of nature, slow experiences, making it a useful option for a group escape.",curated-from-tourism-sources,2026-09-30,False,"Planning estimate, not a live quote. Verify routes, permits, weather, opening hours and accommodation before booking.",,0,6750,15000,1675,"Jugaad floor assumes lower-cost rail/general/sleeper travel, shared stays and local transport; fixed costs are separate when known."
dest_0679,Kakochang,Assam,India,Northeast,Nature,nature|slow,4-6,31.9,15000,"Kakochang offers a mix of nature, slow experiences, making it a useful option for a group escape.",curated-from-tourism-sources,2026-09-30,False,"Planning estimate, not a live quote. Verify routes, permits, weather, opening hours and accommodation before booking.",,0,6750,15000,1660,"Jugaad floor assumes lower-cost rail/general/sleeper travel, shared stays and local transport; fixed costs are separate when known."
dest_0680,Itanagar,Arunachal Pradesh,India,Northeast,Nature,nature|slow,4-6,35.8,18000,"Itanagar offers a mix of nature, slow experiences, making it a useful option for a group escape.",curated-from-tourism-sources,2026-09-30,False,"Planning estimate, not a live quote. Verify routes, permits, weather, opening hours and accommodation before booking.",,0,8100,18000,1860,"Jugaad floor assumes lower-cost rail/general/sleeper travel, shared stays and local transport; fixed costs are separate when known."
dest_0681,Mechuka,Arunachal Pradesh,India,Northeast,Hill,mountains,4-6,36.2,9000,"Mechuka offers a mix of mountains experiences, making it a useful option for a group escape.",curated-from-tourism-sources,2026-09-30,False,"Planning estimate, not a live quote. Verify routes, permits, weather, opening hours and accommodation before booking.",,0,4050,9000,1880,"Jugaad floor assumes lower-cost rail/general/sleeper travel, shared stays and local transport; fixed costs are separate when known."
dest_0682,Aalo,Arunachal Pradesh,India,Northeast,Nature,nature|slow,4-6,38.6,15000,"Aalo offers a mix of nature, slow experiences, making it a useful option for a group escape.",curated-from-tourism-sources,2026-09-30,False,"Planning estimate, not a live quote. Verify routes, permits, weather, opening hours and accommodation before booking.",,0,6750,15000,2005,"Jugaad floor assumes lower-cost rail/general/sleeper travel, shared stays and local transport; fixed costs are separate when known."
dest_0683,Pasighat,Arunachal Pradesh,India,Northeast,Hill,mountains,4-6,38.4,9000,"Pasighat offers a mix of mountains experiences, making it a useful option for a group escape.",curated-from-tourism-sources,2026-09-30,False,"Planning estimate, not a live quote. Verify routes, permits, weather, opening hours and accommodation before booking.",,0,4050,9000,1995,"Jugaad floor assumes lower-cost rail/general/sleeper travel, shared stays and local transport; fixed costs are separate when known."
dest_0684,Roing,Arunachal Pradesh,India,Northeast,Nature,nature|slow,4-6,37.1,22000,"Roing offers a mix of nature, slow experiences, making it a useful option for a group escape.",curated-from-tourism-sources,2026-09-30,False,"Planning estimate, not a live quote. Verify routes, permits, weather, opening hours and accommodation before booking.",,0,9900,22000,1930,"Jugaad floor assumes lower-cost rail/general/sleeper travel, shared stays and local transport; fixed costs are separate when known."
dest_0685,Anini,Arunachal Pradesh,India,Northeast,Nature,nature|slow,4-6,39.7,22000,"Anini offers a mix of nature, slow experiences, making it a useful option for a group escape.",curated-from-tourism-sources,2026-09-30,False,"Planning estimate, not a live quote. Verify routes, permits, weather, opening hours and accommodation before booking.",,0,9900,22000,2065,"Jugaad floor assumes lower-cost rail/general/sleeper travel, shared stays and local transport; fixed costs are separate when known."
dest_0686,Namdapha,Arunachal Pradesh,India,Northeast,Nature,nature|slow,4-6,36.7,9000,"Namdapha offers a mix of nature, slow experiences, making it a useful option for a group escape.",curated-from-tourism-sources,2026-09-30,False,"Planning estimate, not a live quote. Verify routes, permits, weather, opening hours and accommodation before booking.",,0,4050,9000,1910,"Jugaad floor assumes lower-cost rail/general/sleeper travel, shared stays and local transport; fixed costs are separate when known."
dest_0687,Bhalukpong,Arunachal Pradesh,India,Northeast,Nature,nature|slow,4-6,35.7,22000,"Bhalukpong offers a mix of nature, slow experiences, making it a useful option for a group escape.",curated-from-tourism-sources,2026-09-30,False,"Planning estimate, not a live quote. Verify routes, permits, weather, opening hours and accommodation before booking.",,0,9900,22000,1855,"Jugaad floor assumes lower-cost rail/general/sleeper travel, shared stays and local transport; fixed costs are separate when known."
dest_0688,Sela,Arunachal Pradesh,India,Northeast,Nature,nature|slow,4-6,35.6,18000,"Sela offers a mix of nature, slow experiences, making it a useful option for a group escape.",curated-from-tourism-sources,2026-09-30,False,"Planning estimate, not a live quote. Verify routes, permits, weather, opening hours and accommodation before booking.",,0,8100,18000,1850,"Jugaad floor assumes lower-cost rail/general/sleeper travel, shared stays and local transport; fixed costs are separate when known."
dest_0689,Pass,Arunachal Pradesh,India,Northeast,Nature,nature|slow,4-6,37.4,15000,"Pass offers a mix of nature, slow experiences, making it a useful option for a group escape.",curated-from-tourism-sources,2026-09-30,False,"Planning estimate, not a live quote. Verify routes, permits, weather, opening hours and accommodation before booking.",,0,6750,15000,1945,"Jugaad floor assumes lower-cost rail/general/sleeper travel, shared stays and local transport; fixed costs are separate when known."
dest_0690,Bumla,Arunachal Pradesh,India,Northeast,Nature,nature|slow,4-6,36.4,18000,"Bumla offers a mix of nature, slow experiences, making it a useful option for a group escape.",curated-from-tourism-sources,2026-09-30,False,"Planning estimate, not a live quote. Verify routes, permits, weather, opening hours and accommodation before booking.",,0,8100,18000,1895,"Jugaad floor assumes lower-cost rail/general/sleeper travel, shared stays and local transport; fixed costs are separate when known."
dest_0691,Sangti,Arunachal Pradesh,India,Northeast,Nature,nature|slow,4-6,36.7,22000,"Sangti offers a mix of nature, slow experiences, making it a useful option for a group escape.",curated-from-tourism-sources,2026-09-30,False,"Planning estimate, not a live quote. Verify routes, permits, weather, opening hours and accommodation before booking.",,0,9900,22000,1910,"Jugaad floor assumes lower-cost rail/general/sleeper travel, shared stays and local transport; fixed costs are separate when known."
dest_0692,Dong,Arunachal Pradesh,India,Northeast,Nature,nature|slow,4-6,36.2,15000,"Dong offers a mix of nature, slow experiences, making it a useful option for a group escape.",curated-from-tourism-sources,2026-09-30,False,"Planning estimate, not a live quote. Verify routes, permits, weather, opening hours and accommodation before booking.",,0,6750,15000,1880,"Jugaad floor assumes lower-cost rail/general/sleeper travel, shared stays and local transport; fixed costs are separate when known."
dest_0693,Dzuko,Nagaland,India,Northeast,Adventure,adventure,4-6,41.8,9000,"Dzuko offers a mix of adventure experiences, making it a useful option for a group escape.",curated-from-tourism-sources,2026-09-30,False,"Planning estimate, not a live quote. Verify routes, permits, weather, opening hours and accommodation before booking.",,0,4050,9000,2175,"Jugaad floor assumes lower-cost rail/general/sleeper travel, shared stays and local transport; fixed costs are separate when known."
dest_0694,Kisama,Nagaland,India,Northeast,Nature,nature|slow,4-6,38.6,18000,"Kisama offers a mix of nature, slow experiences, making it a useful option for a group escape.",curated-from-tourism-sources,2026-09-30,False,"Planning estimate, not a live quote. Verify routes, permits, weather, opening hours and accommodation before booking.",,0,8100,18000,2005,"Jugaad floor assumes lower-cost rail/general/sleeper travel, shared stays and local transport; fixed costs are separate when known."
dest_0695,Khonoma,Nagaland,India,Northeast,Nature,nature|slow,4-6,41.7,15000,"Khonoma offers a mix of nature, slow experiences, making it a useful option for a group escape.",curated-from-tourism-sources,2026-09-30,False,"Planning estimate, not a live quote. Verify routes, permits, weather, opening hours and accommodation before booking.",,0,6750,15000,2170,"Jugaad floor assumes lower-cost rail/general/sleeper travel, shared stays and local transport; fixed costs are separate when known."
dest_0696,Mokokchung,Nagaland,India,Northeast,Nature,nature|slow,4-6,41.4,15000,"Mokokchung offers a mix of nature, slow experiences, making it a useful option for a group escape.",curated-from-tourism-sources,2026-09-30,False,"Planning estimate, not a live quote. Verify routes, permits, weather, opening hours and accommodation before booking.",,0,6750,15000,2155,"Jugaad floor assumes lower-cost rail/general/sleeper travel, shared stays and local transport; fixed costs are separate when known."
dest_0697,Mon,Nagaland,India,Northeast,Nature,nature|slow,4-6,39.7,9000,"Mon offers a mix of nature, slow experiences, making it a useful option for a group escape.",curated-from-tourism-sources,2026-09-30,False,"Planning estimate, not a live quote. Verify routes, permits, weather, opening hours and accommodation before booking.",,0,4050,9000,2065,"Jugaad floor assumes lower-cost rail/general/sleeper travel, shared stays and local transport; fixed costs are separate when known."
dest_0698,Wokha,Nagaland,India,Northeast,Nature,nature|slow,4-6,42.3,12000,"Wokha offers a mix of nature, slow experiences, making it a useful option for a group escape.",curated-from-tourism-sources,2026-09-30,False,"Planning estimate, not a live quote. Verify routes, permits, weather, opening hours and accommodation before booking.",,0,5400,12000,2200,"Jugaad floor assumes lower-cost rail/general/sleeper travel, shared stays and local transport; fixed costs are separate when known."
dest_0699,Tuophema,Nagaland,India,Northeast,Nature,nature|slow,4-6,39.1,18000,"Tuophema offers a mix of nature, slow experiences, making it a useful option for a group escape.",curated-from-tourism-sources,2026-09-30,False,"Planning estimate, not a live quote. Verify routes, permits, weather, opening hours and accommodation before booking.",,0,8100,18000,2035,"Jugaad floor assumes lower-cost rail/general/sleeper travel, shared stays and local transport; fixed costs are separate when known."
dest_0700,Japfu,Nagaland,India,Northeast,Nature,nature|slow,4-6,40.9,9000,"Japfu offers a mix of nature, slow experiences, making it a useful option for a group escape.",curated-from-tourism-sources,2026-09-30,False,"Planning estimate, not a live quote. Verify routes, permits, weather, opening hours and accommodation before booking.",,0,4050,9000,2125,"Jugaad floor assumes lower-cost rail/general/sleeper travel, shared stays and local transport; fixed costs are separate when known."
dest_0701,Saramati,Nagaland,India,Northeast,Nature,nature|slow,4-6,37.8,18000,"Saramati offers a mix of nature, slow experiences, making it a useful option for a group escape.",curated-from-tourism-sources,2026-09-30,False,"Planning estimate, not a live quote. Verify routes, permits, weather, opening hours and accommodation before booking.",,0,8100,18000,1965,"Jugaad floor assumes lower-cost rail/general/sleeper travel, shared stays and local transport; fixed costs are separate when known."
dest_0702,Bodh,Bihar,India,East,Nature,nature|slow,4-6,31.7,12000,"Bodh offers a mix of nature, slow experiences, making it a useful option for a group escape.",curated-from-tourism-sources,2026-09-30,False,"Planning estimate, not a live quote. Verify routes, permits, weather, opening hours and accommodation before booking.",,0,5400,12000,1650,"Jugaad floor assumes lower-cost rail/general/sleeper travel, shared stays and local transport; fixed costs are separate when known."
dest_0703,Gaya,Bihar,India,East,Nature,nature|slow,4-6,28.3,15000,"Gaya offers a mix of nature, slow experiences, making it a useful option for a group escape.",curated-from-tourism-sources,2026-09-30,False,"Planning estimate, not a live quote. Verify routes, permits, weather, opening hours and accommodation before booking.",,0,6750,15000,1470,"Jugaad floor assumes lower-cost rail/general/sleeper travel, shared stays and local transport; fixed costs are separate when known."
dest_0704,Vaishali,Bihar,India,East,Nature,nature|slow,4-6,30.2,15000,"Vaishali offers a mix of nature, slow experiences, making it a useful option for a group escape.",curated-from-tourism-sources,2026-09-30,False,"Planning estimate, not a live quote. Verify routes, permits, weather, opening hours and accommodation before booking.",,0,6750,15000,1570,"Jugaad floor assumes lower-cost rail/general/sleeper travel, shared stays and local transport; fixed costs are separate when known."
dest_0705,Pawapuri,Bihar,India,East,Coastal,beach|culture,4-6,29.0,12000,"Pawapuri offers a mix of beach, culture experiences, making it a useful option for a group escape.",curated-from-tourism-sources,2026-09-30,False,"Planning estimate, not a live quote. Verify routes, permits, weather, opening hours and accommodation before booking.",,0,5400,12000,1510,"Jugaad floor assumes lower-cost rail/general/sleeper travel, shared stays and local transport; fixed costs are separate when known."
dest_0706,Valmiki,Bihar,India,East,Nature,nature|slow,4-6,30.2,18000,"Valmiki offers a mix of nature, slow experiences, making it a useful option for a group escape.",curated-from-tourism-sources,2026-09-30,False,"Planning estimate, not a live quote. Verify routes, permits, weather, opening hours and accommodation before booking.",,0,8100,18000,1570,"Jugaad floor assumes lower-cost rail/general/sleeper travel, shared stays and local transport; fixed costs are separate when known."
dest_0707,Nagar,Bihar,India,East,Nature,nature|slow,4-6,29.9,15000,"Nagar offers a mix of nature, slow experiences, making it a useful option for a group escape.",curated-from-tourism-sources,2026-09-30,False,"Planning estimate, not a live quote. Verify routes, permits, weather, opening hours and accommodation before booking.",,0,6750,15000,1555,"Jugaad floor assumes lower-cost rail/general/sleeper travel, shared stays and local transport; fixed costs are separate when known."
dest_0708,Vikramshila,Bihar,India,East,Nature,nature|slow,4-6,28.1,22000,"Vikramshila offers a mix of nature, slow experiences, making it a useful option for a group escape.",curated-from-tourism-sources,2026-09-30,False,"Planning estimate, not a live quote. Verify routes, permits, weather, opening hours and accommodation before booking.",,0,9900,22000,1460,"Jugaad floor assumes lower-cost rail/general/sleeper travel, shared stays and local transport; fixed costs are separate when known."
dest_0709,Kesaria,Bihar,India,East,Nature,nature|slow,4-6,32.5,18000,"Kesaria offers a mix of nature, slow experiences, making it a useful option for a group escape.",curated-from-tourism-sources,2026-09-30,False,"Planning estimate, not a live quote. Verify routes, permits, weather, opening hours and accommodation before booking.",,0,8100,18000,1690,"Jugaad floor assumes lower-cost rail/general/sleeper travel, shared stays and local transport; fixed costs are separate when known."
dest_0710,Madhubani,Bihar,India,East,Nature,nature|slow,4-6,31.2,18000,"Madhubani offers a mix of nature, slow experiences, making it a useful option for a group escape.",curated-from-tourism-sources,2026-09-30,False,"Planning estimate, not a live quote. Verify routes, permits, weather, opening hours and accommodation before booking.",,0,8100,18000,1620,"Jugaad floor assumes lower-cost rail/general/sleeper travel, shared stays and local transport; fixed costs are separate when known."
dest_0711,Deoghar,Jharkhand,India,East,Nature,nature|slow,4-6,26.4,12000,"Deoghar offers a mix of nature, slow experiences, making it a useful option for a group escape.",curated-from-tourism-sources,2026-09-30,False,"Planning estimate, not a live quote. Verify routes, permits, weather, opening hours and accommodation before booking.",,0,5400,12000,1375,"Jugaad floor assumes lower-cost rail/general/sleeper travel, shared stays and local transport; fixed costs are separate when known."
dest_0712,Hazaribagh,Jharkhand,India,East,Nature,nature|slow,4-6,22.5,22000,"Hazaribagh offers a mix of nature, slow experiences, making it a useful option for a group escape.",curated-from-tourism-sources,2026-09-30,False,"Planning estimate, not a live quote. Verify routes, permits, weather, opening hours and accommodation before booking.",,0,9900,22000,1170,"Jugaad floor assumes lower-cost rail/general/sleeper travel, shared stays and local transport; fixed costs are separate when known."
dest_0713,Palamau,Jharkhand,India,East,Nature,nature|slow,4-6,26.4,15000,"Palamau offers a mix of nature, slow experiences, making it a useful option for a group escape.",curated-from-tourism-sources,2026-09-30,False,"Planning estimate, not a live quote. Verify routes, permits, weather, opening hours and accommodation before booking.",,0,6750,15000,1375,"Jugaad floor assumes lower-cost rail/general/sleeper travel, shared stays and local transport; fixed costs are separate when known."
dest_0714,Dassam,Jharkhand,India,East,Nature,nature|slow,4-6,26.4,15000,"Dassam offers a mix of nature, slow experiences, making it a useful option for a group escape.",curated-from-tourism-sources,2026-09-30,False,"Planning estimate, not a live quote. Verify routes, permits, weather, opening hours and accommodation before booking.",,0,6750,15000,1375,"Jugaad floor assumes lower-cost rail/general/sleeper travel, shared stays and local transport; fixed costs are separate when known."
dest_0715,Hundru,Jharkhand,India,East,Nature,nature|slow,4-6,25.9,9000,"Hundru offers a mix of nature, slow experiences, making it a useful option for a group escape.",curated-from-tourism-sources,2026-09-30,False,"Planning estimate, not a live quote. Verify routes, permits, weather, opening hours and accommodation before booking.",,0,4050,9000,1345,"Jugaad floor assumes lower-cost rail/general/sleeper travel, shared stays and local transport; fixed costs are separate when known."
dest_0716,Jonha,Jharkhand,India,East,Nature,nature|slow,4-6,21.7,22000,"Jonha offers a mix of nature, slow experiences, making it a useful option for a group escape.",curated-from-tourism-sources,2026-09-30,False,"Planning estimate, not a live quote. Verify routes, permits, weather, opening hours and accommodation before booking.",,0,9900,22000,1130,"Jugaad floor assumes lower-cost rail/general/sleeper travel, shared stays and local transport; fixed costs are separate when known."
dest_0717,Patratu,Jharkhand,India,East,Nature,nature|slow,4-6,24.3,15000,"Patratu offers a mix of nature, slow experiences, making it a useful option for a group escape.",curated-from-tourism-sources,2026-09-30,False,"Planning estimate, not a live quote. Verify routes, permits, weather, opening hours and accommodation before booking.",,0,6750,15000,1265,"Jugaad floor assumes lower-cost rail/general/sleeper travel, shared stays and local transport; fixed costs are separate when known."
dest_0718,McCluskieganj,Jharkhand,India,East,Nature,nature|slow,4-6,24.6,18000,"McCluskieganj offers a mix of nature, slow experiences, making it a useful option for a group escape.",curated-from-tourism-sources,2026-09-30,False,"Planning estimate, not a live quote. Verify routes, permits, weather, opening hours and accommodation before booking.",,0,8100,18000,1280,"Jugaad floor assumes lower-cost rail/general/sleeper travel, shared stays and local transport; fixed costs are separate when known."
dest_0719,Tirathgarh,Chhattisgarh,India,East,Nature,nature|slow,4-6,17.4,12000,"Tirathgarh offers a mix of nature, slow experiences, making it a useful option for a group escape.",curated-from-tourism-sources,2026-09-30,False,"Planning estimate, not a live quote. Verify routes, permits, weather, opening hours and accommodation before booking.",,0,5400,12000,905,"Jugaad floor assumes lower-cost rail/general/sleeper travel, shared stays and local transport; fixed costs are separate when known."
dest_0720,Mainpat,Chhattisgarh,India,East,Nature,nature|slow,4-6,16.0,22000,"Mainpat offers a mix of nature, slow experiences, making it a useful option for a group escape.",curated-from-tourism-sources,2026-09-30,False,"Planning estimate, not a live quote. Verify routes, permits, weather, opening hours and accommodation before booking.",,0,9900,22000,830,"Jugaad floor assumes lower-cost rail/general/sleeper travel, shared stays and local transport; fixed costs are separate when known."
dest_0721,Sirpur,Chhattisgarh,India,East,Nature,nature|slow,4-6,16.9,18000,"Sirpur offers a mix of nature, slow experiences, making it a useful option for a group escape.",curated-from-tourism-sources,2026-09-30,False,"Planning estimate, not a live quote. Verify routes, permits, weather, opening hours and accommodation before booking.",,0,8100,18000,880,"Jugaad floor assumes lower-cost rail/general/sleeper travel, shared stays and local transport; fixed costs are separate when known."
dest_0722,Barnawapara,Chhattisgarh,India,East,Nature,nature|slow,4-6,19.9,12000,"Barnawapara offers a mix of nature, slow experiences, making it a useful option for a group escape.",curated-from-tourism-sources,2026-09-30,False,"Planning estimate, not a live quote. Verify routes, permits, weather, opening hours and accommodation before booking.",,0,5400,12000,1035,"Jugaad floor assumes lower-cost rail/general/sleeper travel, shared stays and local transport; fixed costs are separate when known."
dest_0723,Kanger,Chhattisgarh,India,East,Nature,nature|slow,4-6,17.0,15000,"Kanger offers a mix of nature, slow experiences, making it a useful option for a group escape.",curated-from-tourism-sources,2026-09-30,False,"Planning estimate, not a live quote. Verify routes, permits, weather, opening hours and accommodation before booking.",,0,6750,15000,885,"Jugaad floor assumes lower-cost rail/general/sleeper travel, shared stays and local transport; fixed costs are separate when known."
dest_0724,Achanakmar,Chhattisgarh,India,East,Nature,nature|slow,4-6,18.0,12000,"Achanakmar offers a mix of nature, slow experiences, making it a useful option for a group escape.",curated-from-tourism-sources,2026-09-30,False,"Planning estimate, not a live quote. Verify routes, permits, weather, opening hours and accommodation before booking.",,0,5400,12000,935,"Jugaad floor assumes lower-cost rail/general/sleeper travel, shared stays and local transport; fixed costs are separate when known."
dest_0725,Bhoramdeo,Chhattisgarh,India,East,Nature,nature|slow,4-6,19.3,9000,"Bhoramdeo offers a mix of nature, slow experiences, making it a useful option for a group escape.",curated-from-tourism-sources,2026-09-30,False,"Planning estimate, not a live quote. Verify routes, permits, weather, opening hours and accommodation before booking.",,0,4050,9000,1005,"Jugaad floor assumes lower-cost rail/general/sleeper travel, shared stays and local transport; fixed costs are separate when known."
dest_0726,Anandpur,Punjab,India,North,Nature,nature|slow,4-6,31.3,18000,"Anandpur offers a mix of nature, slow experiences, making it a useful option for a group escape.",curated-from-tourism-sources,2026-09-30,False,"Planning estimate, not a live quote. Verify routes, permits, weather, opening hours and accommodation before booking.",,0,8100,18000,1630,"Jugaad floor assumes lower-cost rail/general/sleeper travel, shared stays and local transport; fixed costs are separate when known."
dest_0727,Sahib,Punjab,India,North,Nature,nature|slow,4-6,29.0,18000,"Sahib offers a mix of nature, slow experiences, making it a useful option for a group escape.",curated-from-tourism-sources,2026-09-30,False,"Planning estimate, not a live quote. Verify routes, permits, weather, opening hours and accommodation before booking.",,0,8100,18000,1510,"Jugaad floor assumes lower-cost rail/general/sleeper travel, shared stays and local transport; fixed costs are separate when known."
dest_0728,Wagah,Punjab,India,North,Nature,nature|slow,4-6,29.2,9000,"Wagah offers a mix of nature, slow experiences, making it a useful option for a group escape.",curated-from-tourism-sources,2026-09-30,False,"Planning estimate, not a live quote. Verify routes, permits, weather, opening hours and accommodation before booking.",,0,4050,9000,1520,"Jugaad floor assumes lower-cost rail/general/sleeper travel, shared stays and local transport; fixed costs are separate when known."
dest_0729,Kapurthala,Punjab,India,North,Nature,nature|slow,4-6,31.8,15000,"Kapurthala offers a mix of nature, slow experiences, making it a useful option for a group escape.",curated-from-tourism-sources,2026-09-30,False,"Planning estimate, not a live quote. Verify routes, permits, weather, opening hours and accommodation before booking.",,0,6750,15000,1655,"Jugaad floor assumes lower-cost rail/general/sleeper travel, shared stays and local transport; fixed costs are separate when known."
dest_0730,Bathinda,Punjab,India,North,Nature,nature|slow,4-6,29.7,22000,"Bathinda offers a mix of nature, slow experiences, making it a useful option for a group escape.",curated-from-tourism-sources,2026-09-30,False,"Planning estimate, not a live quote. Verify routes, permits, weather, opening hours and accommodation before booking.",,0,9900,22000,1545,"Jugaad floor assumes lower-cost rail/general/sleeper travel, shared stays and local transport; fixed costs are separate when known."
dest_0731,Pathankot,Punjab,India,North,Nature,nature|slow,4-6,28.1,18000,"Pathankot offers a mix of nature, slow experiences, making it a useful option for a group escape.",curated-from-tourism-sources,2026-09-30,False,"Planning estimate, not a live quote. Verify routes, permits, weather, opening hours and accommodation before booking.",,0,8100,18000,1460,"Jugaad floor assumes lower-cost rail/general/sleeper travel, shared stays and local transport; fixed costs are separate when known."
dest_0732,Ropar,Punjab,India,North,Nature,nature|slow,4-6,29.6,9000,"Ropar offers a mix of nature, slow experiences, making it a useful option for a group escape.",curated-from-tourism-sources,2026-09-30,False,"Planning estimate, not a live quote. Verify routes, permits, weather, opening hours and accommodation before booking.",,0,4050,9000,1540,"Jugaad floor assumes lower-cost rail/general/sleeper travel, shared stays and local transport; fixed costs are separate when known."
dest_0733,Sarnath,Uttar Pradesh,India,North,Nature,nature|slow,4-6,26.2,18000,"Sarnath offers a mix of nature, slow experiences, making it a useful option for a group escape.",curated-from-tourism-sources,2026-09-30,False,"Planning estimate, not a live quote. Verify routes, permits, weather, opening hours and accommodation before booking.",,0,8100,18000,1360,"Jugaad floor assumes lower-cost rail/general/sleeper travel, shared stays and local transport; fixed costs are separate when known."
dest_0734,Chitrakoot,Uttar Pradesh,India,North,Nature,nature|slow,4-6,22.7,9000,"Chitrakoot offers a mix of nature, slow experiences, making it a useful option for a group escape.",curated-from-tourism-sources,2026-09-30,False,"Planning estimate, not a live quote. Verify routes, permits, weather, opening hours and accommodation before booking.",,0,4050,9000,1180,"Jugaad floor assumes lower-cost rail/general/sleeper travel, shared stays and local transport; fixed costs are separate when known."
dest_0735,Dudhwa,Uttar Pradesh,India,North,Nature,nature|slow,4-6,25.9,22000,"Dudhwa offers a mix of nature, slow experiences, making it a useful option for a group escape.",curated-from-tourism-sources,2026-09-30,False,"Planning estimate, not a live quote. Verify routes, permits, weather, opening hours and accommodation before booking.",,0,9900,22000,1345,"Jugaad floor assumes lower-cost rail/general/sleeper travel, shared stays and local transport; fixed costs are separate when known."
dest_0736,Jhansi,Uttar Pradesh,India,North,Nature,nature|slow,4-6,22.8,22000,"Jhansi offers a mix of nature, slow experiences, making it a useful option for a group escape.",curated-from-tourism-sources,2026-09-30,False,"Planning estimate, not a live quote. Verify routes, permits, weather, opening hours and accommodation before booking.",,0,9900,22000,1185,"Jugaad floor assumes lower-cost rail/general/sleeper travel, shared stays and local transport; fixed costs are separate when known."
dest_0737,Fatehpur,Uttar Pradesh,India,North,Nature,nature|slow,4-6,25.7,22000,"Fatehpur offers a mix of nature, slow experiences, making it a useful option for a group escape.",curated-from-tourism-sources,2026-09-30,False,"Planning estimate, not a live quote. Verify routes, permits, weather, opening hours and accommodation before booking.",,0,9900,22000,1335,"Jugaad floor assumes lower-cost rail/general/sleeper travel, shared stays and local transport; fixed costs are separate when known."
dest_0738,Sikri,Uttar Pradesh,India,North,Nature,nature|slow,4-6,26.3,9000,"Sikri offers a mix of nature, slow experiences, making it a useful option for a group escape.",curated-from-tourism-sources,2026-09-30,False,"Planning estimate, not a live quote. Verify routes, permits, weather, opening hours and accommodation before booking.",,0,4050,9000,1370,"Jugaad floor assumes lower-cost rail/general/sleeper travel, shared stays and local transport; fixed costs are separate when known."
dest_0739,Deogarh,Uttar Pradesh,India,North,Nature,nature|slow,4-6,25.3,12000,"Deogarh offers a mix of nature, slow experiences, making it a useful option for a group escape.",curated-from-tourism-sources,2026-09-30,False,"Planning estimate, not a live quote. Verify routes, permits, weather, opening hours and accommodation before booking.",,0,5400,12000,1315,"Jugaad floor assumes lower-cost rail/general/sleeper travel, shared stays and local transport; fixed costs are separate when known."
dest_0740,Sonbhadra,Uttar Pradesh,India,North,Nature,nature|slow,4-6,22.4,9000,"Sonbhadra offers a mix of nature, slow experiences, making it a useful option for a group escape.",curated-from-tourism-sources,2026-09-30,False,"Planning estimate, not a live quote. Verify routes, permits, weather, opening hours and accommodation before booking.",,0,4050,9000,1165,"Jugaad floor assumes lower-cost rail/general/sleeper travel, shared stays and local transport; fixed costs are separate when known."
dest_0741,Mirzapur,Uttar Pradesh,India,North,Nature,nature|slow,4-6,24.9,12000,"Mirzapur offers a mix of nature, slow experiences, making it a useful option for a group escape.",curated-from-tourism-sources,2026-09-30,False,"Planning estimate, not a live quote. Verify routes, permits, weather, opening hours and accommodation before booking.",,0,5400,12000,1295,"Jugaad floor assumes lower-cost rail/general/sleeper travel, shared stays and local transport; fixed costs are separate when known."
dest_0742,Puducherry,Puducherry,India,South,Coastal,beach,4-6,19.5,9000,"Puducherry offers a mix of beach experiences, making it a useful option for a group escape.",curated-from-tourism-sources,2026-09-30,False,"Planning estimate, not a live quote. Verify routes, permits, weather, opening hours and accommodation before booking.",,0,4050,9000,1015,"Jugaad floor assumes lower-cost rail/general/sleeper travel, shared stays and local transport; fixed costs are separate when known."
dest_0743,Paradise,Puducherry,India,South,Nature,nature|slow,4-6,20.8,15000,"Paradise offers a mix of nature, slow experiences, making it a useful option for a group escape.",curated-from-tourism-sources,2026-09-30,False,"Planning estimate, not a live quote. Verify routes, permits, weather, opening hours and accommodation before booking.",,0,6750,15000,1080,"Jugaad floor assumes lower-cost rail/general/sleeper travel, shared stays and local transport; fixed costs are separate when known."
dest_0744,Serenity,Puducherry,India,South,Nature,nature|slow,4-6,20.3,22000,"Serenity offers a mix of nature, slow experiences, making it a useful option for a group escape.",curated-from-tourism-sources,2026-09-30,False,"Planning estimate, not a live quote. Verify routes, permits, weather, opening hours and accommodation before booking.",,0,9900,22000,1055,"Jugaad floor assumes lower-cost rail/general/sleeper travel, shared stays and local transport; fixed costs are separate when known."
dest_0745,Mahe,Puducherry,India,South,Nature,nature|slow,4-6,17.8,15000,"Mahe offers a mix of nature, slow experiences, making it a useful option for a group escape.",curated-from-tourism-sources,2026-09-30,False,"Planning estimate, not a live quote. Verify routes, permits, weather, opening hours and accommodation before booking.",,0,6750,15000,925,"Jugaad floor assumes lower-cost rail/general/sleeper travel, shared stays and local transport; fixed costs are separate when known."
dest_0746,Yanam,Puducherry,India,South,Nature,nature|slow,4-6,18.9,12000,"Yanam offers a mix of nature, slow experiences, making it a useful option for a group escape.",curated-from-tourism-sources,2026-09-30,False,"Planning estimate, not a live quote. Verify routes, permits, weather, opening hours and accommodation before booking.",,0,5400,12000,985,"Jugaad floor assumes lower-cost rail/general/sleeper travel, shared stays and local transport; fixed costs are separate when known."
dest_0747,Karaikal,Puducherry,India,South,Nature,nature|slow,4-6,19.2,15000,"Karaikal offers a mix of nature, slow experiences, making it a useful option for a group escape.",curated-from-tourism-sources,2026-09-30,False,"Planning estimate, not a live quote. Verify routes, permits, weather, opening hours and accommodation before booking.",,0,6750,15000,1000,"Jugaad floor assumes lower-cost rail/general/sleeper travel, shared stays and local transport; fixed costs are separate when known."
dest_0748,Port,Andaman and Nicobar Islands,India,Islands,Nature,nature|slow,4-6,37.8,18000,"Port offers a mix of nature, slow experiences, making it a useful option for a group escape.",curated-from-tourism-sources,2026-09-30,False,"Planning estimate, not a live quote. Verify routes, permits, weather, opening hours and accommodation before booking.",,0,8100,18000,1965,"Jugaad floor assumes lower-cost rail/general/sleeper travel, shared stays and local transport; fixed costs are separate when known."
dest_0749,Blair,Andaman and Nicobar Islands,India,Islands,Nature,nature|slow,4-6,40.5,15000,"Blair offers a mix of nature, slow experiences, making it a useful option for a group escape.",curated-from-tourism-sources,2026-09-30,False,"Planning estimate, not a live quote. Verify routes, permits, weather, opening hours and accommodation before booking.",,0,6750,15000,2105,"Jugaad floor assumes lower-cost rail/general/sleeper travel, shared stays and local transport; fixed costs are separate when known."
dest_0750,Havelock,Andaman and Nicobar Islands,India,Islands,Coastal,beach,4-6,37.6,15000,"Havelock offers a mix of beach experiences, making it a useful option for a group escape.",curated-from-tourism-sources,2026-09-30,False,"Planning estimate, not a live quote. Verify routes, permits, weather, opening hours and accommodation before booking.",,0,6750,15000,1955,"Jugaad floor assumes lower-cost rail/general/sleeper travel, shared stays and local transport; fixed costs are separate when known."
dest_0751,Neil,Andaman and Nicobar Islands,India,Islands,Coastal,beach,4-6,39.6,9000,"Neil offers a mix of beach experiences, making it a useful option for a group escape.",curated-from-tourism-sources,2026-09-30,False,"Planning estimate, not a live quote. Verify routes, permits, weather, opening hours and accommodation before booking.",,0,4050,9000,2060,"Jugaad floor assumes lower-cost rail/general/sleeper travel, shared stays and local transport; fixed costs are separate when known."
dest_0752,Ross,Andaman and Nicobar Islands,India,Islands,Nature,nature|slow,4-6,37.8,12000,"Ross offers a mix of nature, slow experiences, making it a useful option for a group escape.",curated-from-tourism-sources,2026-09-30,False,"Planning estimate, not a live quote. Verify routes, permits, weather, opening hours and accommodation before booking.",,0,5400,12000,1965,"Jugaad floor assumes lower-cost rail/general/sleeper travel, shared stays and local transport; fixed costs are separate when known."
dest_0753,Long,Andaman and Nicobar Islands,India,Islands,Nature,nature|slow,4-6,41.9,9000,"Long offers a mix of nature, slow experiences, making it a useful option for a group escape.",curated-from-tourism-sources,2026-09-30,False,"Planning estimate, not a live quote. Verify routes, permits, weather, opening hours and accommodation before booking.",,0,4050,9000,2180,"Jugaad floor assumes lower-cost rail/general/sleeper travel, shared stays and local transport; fixed costs are separate when known."
dest_0754,Diglipur,Andaman and Nicobar Islands,India,Islands,Nature,nature|slow,4-6,40.9,18000,"Diglipur offers a mix of nature, slow experiences, making it a useful option for a group escape.",curated-from-tourism-sources,2026-09-30,False,"Planning estimate, not a live quote. Verify routes, permits, weather, opening hours and accommodation before booking.",,0,8100,18000,2125,"Jugaad floor assumes lower-cost rail/general/sleeper travel, shared stays and local transport; fixed costs are separate when known."
dest_0755,Andaman,Andaman and Nicobar Islands,India,Islands,Coastal,beach,4-6,39.3,12000,"Andaman offers a mix of beach experiences, making it a useful option for a group escape.",curated-from-tourism-sources,2026-09-30,False,"Planning estimate, not a live quote. Verify routes, permits, weather, opening hours and accommodation before booking.",,0,5400,12000,2045,"Jugaad floor assumes lower-cost rail/general/sleeper travel, shared stays and local transport; fixed costs are separate when known."
